﻿鄉鎮市區,交易標的,土地區段位置建物區段門牌,土地移轉總面積平方公尺,都市土地使用分區,非都市土地使用分區,非都市土地使用編定,交易年月日,交易筆棟數,移轉層次,總樓層數,建物型態,主要用途,主要建材,建築完成年月,建物移轉總面積平方公尺,建物現況格局-房,建物現況格局-廳,建物現況格局-衛,建物現況格局-隔間,有無管理組織,總價元,單價元平方公尺,車位類別,車位移轉總面積平方公尺,車位總價元,備註,編號
The villages and towns urban district,transaction sign,land sector position building sector house number plate,land shifting total area square meter,the use zoning or compiles and checks,the non-metropolis land use district,non-metropolis land use,transaction year month and day,transaction pen number,shifting level,total floor number,building state,main use,main building materials,construction to complete the years,building shifting total area,Building present situation pattern - room,building present situation pattern - hall,building present situation pattern - health,building present situation pattern - compartmented,Whether there is manages the organization,total price NTD,the unit price (NTD / square meter),the berth category,berth shifting total area square meter,the berth total price NTD,the note,serial number
南區,房地(土地+建物)+車位,下橋子頭段151~180地號,31.06,住,,,1050425,土地1建物1車位1,二層,12,住宅大樓(11層含以上有電梯),住家用,鋼筋混凝土造,,128.61,3,2,2,有,無,9080000,88242,坡道平面,39.31,1200000,,RPUPMLOLNHLFFAB28CB
南區,房地(土地+建物)+車位,下橋子頭段151~180地號,31.06,住,,,1050120,土地1建物1車位1,三層,12,住宅大樓(11層含以上有電梯),住家用,鋼筋混凝土造,,128.61,3,2,2,有,無,9200000,89586,坡道平面,39.31,1200000,,RPVPMLOLNHLFFAB38CB
南區,房地(土地+建物)+車位,下橋子頭段151~180地號,31.06,住,,,1050427,土地1建物1車位1,四層,12,住宅大樓(11層含以上有電梯),住家用,鋼筋混凝土造,,128.61,3,2,2,有,無,9180000,88242,坡道平面,39.31,1300000,,RPWPMLOLNHLFFAB48CB
南區,房地(土地+建物)+車位,下橋子頭段151~180地號,31.06,住,,,1050426,土地1建物1車位1,五層,12,住宅大樓(11層含以上有電梯),住家用,鋼筋混凝土造,,128.61,3,2,2,有,無,9500000,92945,坡道平面,39.31,1200000,,RPXPMLOLNHLFFAB58CB
南區,房地(土地+建物)+車位,下橋子頭段151~180地號,31.06,住,,,1050102,土地1建物1車位1,六層,12,住宅大樓(11層含以上有電梯),住家用,鋼筋混凝土造,,128.61,3,2,2,有,無,9600000,93505,坡道平面,39.31,1250000,,RPOQMLOLNHLFFAB77CB
南區,房地(土地+建物)+車位,下橋子頭段151~180地號,31.06,住,,,1050327,土地1建物1車位1,七層,12,住宅大樓(11層含以上有電梯),住家用,鋼筋混凝土造,,128.61,3,2,2,有,無,9650000,94625,坡道平面,39.31,1200000,,RPPQMLOLNHLFFAB87CB
南區,房地(土地+建物)+車位,下橋子頭段151~180地號,31.06,住,,,1041219,土地1建物1車位1,八層,12,住宅大樓(11層含以上有電梯),住家用,鋼筋混凝土造,,128.61,3,2,2,有,無,9800000,95745,坡道平面,39.31,1250000,,RPQQMLOLNHLFFAB97CB
南區,房地(土地+建物)+車位,下橋子頭段151~180地號,31.06,住,,,1050423,土地1建物1車位1,九層,12,住宅大樓(11層含以上有電梯),住家用,鋼筋混凝土造,,128.61,3,2,2,有,無,9800000,95185,坡道平面,39.31,1300000,,RPRQMLOLNHLFFAB08CB
南區,房地(土地+建物)+車位,下橋子頭段151~180地號,31.06,住,,,1050415,土地1建物1車位2,十層,12,住宅大樓(11層含以上有電梯),住家用,鋼筋混凝土造,,128.61,3,2,2,有,無,10980000,171634,坡道平面,78.62,2400000,,RPSQMLOLNHLFFAB18CB
南區,房地(土地+建物)+車位,下橋子頭段151~180地號,31.06,住,,,1050109,土地1建物1車位1,十一層,12,住宅大樓(11層含以上有電梯),住家用,鋼筋混凝土造,,128.61,3,2,2,有,無,9820000,95969,坡道平面,39.31,1250000,,RPTQMLOLNHLFFAB28CB
南區,房地(土地+建物)+車位,下橋子頭段151~180地號,15.03,住,,,1050420,土地1建物1車位1,二層,12,住宅大樓(11層含以上有電梯),住家用,鋼筋混凝土造,,62.28,1,1,1,有,無,4940000,169351,坡道平面,39.31,1050000,,RPUQMLOLNHLFFAB38CB
南區,房地(土地+建物)+車位,下橋子頭段151~180地號,15.03,住,,,1050313,土地1建物1車位1,三層,12,住宅大樓(11層含以上有電梯),住家用,鋼筋混凝土造,,62.28,1,1,1,有,無,5050000,171963,坡道平面,39.31,1100000,,RPVQMLOLNHLFFAB48CB
南區,房地(土地+建物)+車位,下橋子頭段151~180地號,15.03,住,,,1050413,土地1建物1車位1,四層,12,住宅大樓(11層含以上有電梯),住家用,鋼筋混凝土造,,62.28,1,1,1,有,無,4950000,167610,坡道平面,39.31,1100000,,RPWQMLOLNHLFFAB58CB
南區,房地(土地+建物)+車位,下橋子頭段151~180地號,15.03,住,,,1050102,土地1建物1車位1,五層,12,住宅大樓(11層含以上有電梯),住家用,鋼筋混凝土造,,62.28,1,1,1,有,無,5200000,176317,坡道平面,39.31,1150000,,RPXQMLOLNHLFFAB68CB
南區,房地(土地+建物)+車位,下橋子頭段151~180地號,15.03,住,,,1050406,土地1建物1車位1,六層,12,住宅大樓(11層含以上有電梯),住家用,鋼筋混凝土造,,62.28,1,1,1,有,無,5250000,180670,坡道平面,39.31,1100000,,RPORMLOLNHLFFAB87CB
南區,房地(土地+建物)+車位,下橋子頭段151~180地號,15.03,住,,,1041208,土地1建物1車位1,七層,12,住宅大樓(11層含以上有電梯),住家用,鋼筋混凝土造,,62.28,1,1,1,有,無,5250000,182847,坡道平面,39.31,1050000,,RPPRMLOLNHLFFAB97CB
南區,房地(土地+建物)+車位,下橋子頭段151~180地號,15.03,住,,,1050112,土地1建物1車位1,八層,12,住宅大樓(11層含以上有電梯),住家用,鋼筋混凝土造,,62.28,1,1,1,有,無,5260000,183283,坡道平面,39.31,1050000,,RPQRMLOLNHLFFAB08CB
南區,房地(土地+建物)+車位,下橋子頭段151~180地號,15.03,住,,,1050314,土地1建物1車位2,九層,12,住宅大樓(11層含以上有電梯),住家用,鋼筋混凝土造,,62.28,1,1,1,有,無,6780000,0,坡道平面,78.62,2600000,,RPRRMLOLNHLFFAB18CB
南區,房地(土地+建物)+車位,下橋子頭段151~180地號,15.03,住,,,1050302,土地1建物1車位1,十層,12,住宅大樓(11層含以上有電梯),住家用,鋼筋混凝土造,,62.28,1,1,1,有,無,5500000,187201,坡道平面,39.31,1200000,,RPSRMLOLNHLFFAB28CB
南區,房地(土地+建物)+車位,下橋子頭段151~180地號,15.03,住,,,1050402,土地1建物1車位1,十一層,12,住宅大樓(11層含以上有電梯),住家用,鋼筋混凝土造,,62.28,1,1,1,有,無,5680000,186330,坡道平面,39.31,1400000,,RPTRMLOLNHLFFAB38CB
南區,房地(土地+建物)+車位,下橋子頭段151~180地號,23.3,住,,,1050109,土地1建物1車位1,十二層,12,住宅大樓(11層含以上有電梯),住家用,鋼筋混凝土造,,96.47,1,1,1,有,無,8750000,132960,坡道平面,39.31,1150000,,RPURMLOLNHLFFAB48CB
南區,房地(土地+建物)+車位,下橋子頭段151~180地號,21.79,住,,,1050412,土地1建物1車位1,二層,12,住宅大樓(11層含以上有電梯),住家用,鋼筋混凝土造,,90.5,2,2,1,有,無,6880000,110959,坡道平面,39.31,1200000,,RPVRMLOLNHLFFAB58CB
南區,房地(土地+建物)+車位,下橋子頭段151~180地號,21.79,住,,,1050402,土地1建物1車位1,三層,12,住宅大樓(11層含以上有電梯),住家用,鋼筋混凝土造,,90.89,2,2,1,有,無,7000000,114385,坡道平面,39.31,1100000,,RPWRMLOLNHLFFAB68CB
南區,房地(土地+建物)+車位,下橋子頭段151~180地號,21.79,住,,,1050120,土地1建物1車位1,四層,12,住宅大樓(11層含以上有電梯),住家用,鋼筋混凝土造,,90.89,2,2,1,有,無,7200000,119232,坡道平面,39.31,1050000,,RPXRMLOLNHLFFAB78CB
南區,房地(土地+建物)+車位,下橋子頭段151~180地號,21.79,住,,,1050316,土地1建物1車位1,五層,12,住宅大樓(11層含以上有電梯),住家用,鋼筋混凝土造,,90.89,2,2,1,有,無,7100000,116324,坡道平面,39.31,1100000,,RPOSMLOLNHLFFAB97CB
南區,房地(土地+建物)+車位,下橋子頭段151~180地號,21.79,住,,,1041204,土地1建物1車位1,六層,12,住宅大樓(11層含以上有電梯),住家用,鋼筋混凝土造,,90.89,2,2,1,有,無,7000000,115355,坡道平面,39.31,1050000,,RPPSMLOLNHLFFAB08CB
南區,房地(土地+建物)+車位,下橋子頭段151~180地號,21.79,住,,,1050217,土地1建物1車位1,七層,12,住宅大樓(11層含以上有電梯),住家用,鋼筋混凝土造,,90.89,2,2,1,有,無,7330000,118845,坡道平面,39.31,1200000,,RPQSMLOLNHLFFAB18CB
南區,房地(土地+建物)+車位,下橋子頭段151~180地號,21.79,住,,,1041128,土地1建物1車位1,八層,12,住宅大樓(11層含以上有電梯),住家用,鋼筋混凝土造,,90.89,2,2,1,有,無,7290000,119038,坡道平面,39.31,1150000,,RPRSMLOLNHLFFAB28CB
南區,房地(土地+建物)+車位,下橋子頭段151~180地號,21.79,住,,,1050224,土地1建物1車位1,九層,12,住宅大樓(11層含以上有電梯),住家用,鋼筋混凝土造,,90.89,2,2,1,有,無,7290000,120008,坡道平面,39.31,1100000,,RPSSMLOLNHLFFAB38CB
南區,房地(土地+建物)+車位,下橋子頭段151~180地號,21.79,住,,,1050112,土地1建物1車位1,十層,12,住宅大樓(11層含以上有電梯),住家用,鋼筋混凝土造,,90.89,2,2,1,有,無,7320000,119620,坡道平面,39.31,1150000,,RPTSMLOLNHLFFAB48CB
南區,房地(土地+建物)+車位,下橋子頭段151~180地號,21.79,住,,,1041212,土地1建物1車位1,十一層,12,住宅大樓(11層含以上有電梯),住家用,鋼筋混凝土造,,90.89,2,2,1,有,無,7290000,120977,坡道平面,39.31,1050000,,RPUSMLOLNHLFFAB58CB
南區,房地(土地+建物)+車位,下橋子頭段151~180地號,16.03,住,,,1041212,土地1建物1車位1,十二層,12,住宅大樓(11層含以上有電梯),住家用,鋼筋混凝土造,,66.64,2,2,1,有,無,6100000,184779,坡道平面,39.31,1050000,,RPVSMLOLNHLFFAB68CB
南區,房地(土地+建物)+車位,下橋子頭段151~180地號,21.29,住,,,1050327,土地1建物1車位1,二層,12,住宅大樓(11層含以上有電梯),住家用,鋼筋混凝土造,,88.14,2,2,1,有,無,6850000,117755,坡道平面,39.31,1100000,,RPWSMLOLNHLFFAB78CB
南區,房地(土地+建物)+車位,下橋子頭段151~180地號,21.29,住,,,1041226,土地1建物1車位1,三層,12,住宅大樓(11層含以上有電梯),住家用,鋼筋混凝土造,,88.89,2,2,1,有,無,7060000,119201,坡道平面,39.31,1150000,,RPXSMLOLNHLFFAB88CB
南區,房地(土地+建物)+車位,下橋子頭段151~180地號,21.29,住,,,1050411,土地1建物1車位1,四層,12,住宅大樓(11層含以上有電梯),住家用,鋼筋混凝土造,,88.89,2,2,1,有,無,6920000,115369,坡道平面,39.31,1200000,,RPOTMLOLNHLFFAB08CB
南區,房地(土地+建物)+車位,下橋子頭段151~180地號,21.29,住,,,1050109,土地1建物1車位1,五層,12,住宅大樓(11層含以上有電梯),住家用,鋼筋混凝土造,,88.89,2,2,1,有,無,7120000,120411,坡道平面,39.31,1150000,,RPPTMLOLNHLFFAB18CB
南區,房地(土地+建物)+車位,下橋子頭段151~180地號,21.29,住,,,1050330,土地1建物1車位1,六層,12,住宅大樓(11層含以上有電梯),住家用,鋼筋混凝土造,,88.89,2,2,1,有,無,7210000,123235,坡道平面,39.31,1100000,,RPQTMLOLNHLFFAB28CB
南區,房地(土地+建物)+車位,下橋子頭段151~180地號,21.29,住,,,1050109,土地1建物1車位1,七層,12,住宅大樓(11層含以上有電梯),住家用,鋼筋混凝土造,,88.89,2,2,1,有,無,7220000,122428,坡道平面,39.31,1150000,,RPRTMLOLNHLFFAB38CB
南區,房地(土地+建物)+車位,下橋子頭段151~180地號,21.29,住,,,1050324,土地1建物1車位1,八層,12,住宅大樓(11層含以上有電梯),住家用,鋼筋混凝土造,,88.89,2,2,1,有,無,7480000,126664,坡道平面,39.31,1200000,,RPSTMLOLNHLFFAB48CB
南區,房地(土地+建物)+車位,下橋子頭段151~180地號,21.29,住,,,1050324,土地1建物1車位1,九層,12,住宅大樓(11層含以上有電梯),住家用,鋼筋混凝土造,,88.89,2,2,1,有,無,7450000,126059,坡道平面,39.31,1200000,,RPTTMLOLNHLFFAB58CB
南區,房地(土地+建物)+車位,下橋子頭段151~180地號,21.29,住,,,1050303,土地1建物1車位1,十層,12,住宅大樓(11層含以上有電梯),住家用,鋼筋混凝土造,,88.89,2,2,1,有,無,7380000,126664,坡道平面,39.31,1100000,,RPUTMLOLNHLFFAB68CB
南區,房地(土地+建物)+車位,下橋子頭段151~180地號,21.29,住,,,1050324,土地1建物1車位1,十一層,12,住宅大樓(11層含以上有電梯),住家用,鋼筋混凝土造,,88.89,2,2,1,有,無,7480000,126664,坡道平面,39.31,1200000,,RPVTMLOLNHLFFAB78CB
南區,房地(土地+建物)+車位,下橋子頭段151~180地號,21.54,住,,,1041208,土地1建物1車位1,二層,12,住宅大樓(11層含以上有電梯),住家用,鋼筋混凝土造,,89.04,2,2,1,有,無,7400000,125679,坡道平面,39.31,1150000,,RPWTMLOLNHLFFAB88CB
南區,房地(土地+建物)+車位,下橋子頭段151~180地號,21.54,住,,,1050414,土地1建物1車位1,三層,12,住宅大樓(11層含以上有電梯),住家用,鋼筋混凝土造,,89.04,2,2,1,有,無,7050000,119646,坡道平面,39.31,1100000,,RPXTMLOLNHLFFAB98CB
南區,房地(土地+建物)+車位,下橋子頭段151~180地號,21.54,住,,,1050329,土地1建物1車位1,四層,12,住宅大樓(11層含以上有電梯),住家用,鋼筋混凝土造,,89.04,2,2,1,有,無,6980000,118238,坡道平面,39.31,1100000,,RPOUMLOLNHLFFAB18CB
南區,房地(土地+建物)+車位,下橋子頭段151~180地號,21.54,住,,,1050202,土地1建物1車位1,五層,12,住宅大樓(11層含以上有電梯),住家用,鋼筋混凝土造,,89.04,2,2,1,有,無,7130000,122260,坡道平面,39.31,1050000,,RPPUMLOLNHLFFAB28CB
南區,房地(土地+建物)+車位,下橋子頭段151~180地號,21.54,住,,,1041128,土地1建物1車位1,六層,12,住宅大樓(11層含以上有電梯),住家用,鋼筋混凝土造,,89.04,2,2,1,有,無,7350000,124673,坡道平面,39.31,1150000,,RPQUMLOLNHLFFAB38CB
南區,房地(土地+建物)+車位,下橋子頭段151~180地號,21.54,住,,,1041219,土地1建物1車位1,七層,12,住宅大樓(11層含以上有電梯),住家用,鋼筋混凝土造,,89.04,2,2,1,有,無,7400000,125679,坡道平面,39.31,1150000,,RPRUMLOLNHLFFAB48CB
南區,房地(土地+建物)+車位,下橋子頭段151~180地號,21.54,住,,,1050324,土地1建物1車位1,八層,12,住宅大樓(11層含以上有電梯),住家用,鋼筋混凝土造,,89.04,2,2,1,有,無,7720000,131108,坡道平面,39.31,1200000,,RPSUMLOLNHLFFAB58CB
南區,房地(土地+建物)+車位,下橋子頭段151~180地號,21.54,住,,,1050224,土地1建物1車位1,九層,12,住宅大樓(11層含以上有電梯),住家用,鋼筋混凝土造,,89.04,2,2,1,有,無,7370000,126081,坡道平面,39.31,1100000,,RPTUMLOLNHLFFAB68CB
南區,房地(土地+建物)+車位,下橋子頭段151~180地號,21.54,住,,,1050324,土地1建物1車位1,十層,12,住宅大樓(11層含以上有電梯),住家用,鋼筋混凝土造,,89.04,2,2,1,有,無,7580000,130304,坡道平面,39.31,1100000,,RPUUMLOLNHLFFAB78CB
南區,房地(土地+建物)+車位,下橋子頭段151~180地號,21.54,住,,,1050220,土地1建物1車位1,十一層,12,住宅大樓(11層含以上有電梯),住家用,鋼筋混凝土造,,89.04,2,2,1,有,無,7380000,127287,坡道平面,39.31,1050000,,RPVUMLOLNHLFFAB88CB
南區,房地(土地+建物)+車位,下橋子頭段151~180地號,22.54,住,,,1050220,土地1建物1車位1,十二層,12,住宅大樓(11層含以上有電梯),住家用,鋼筋混凝土造,,93.01,2,2,1,有,無,8650000,139665,坡道平面,39.31,1150000,,RPWUMLOLNHLFFAB98CB
南區,房地(土地+建物)+車位,下橋子頭段151~180地號,19.54,住,,,1050420,土地1建物1車位1,二層,12,住宅大樓(11層含以上有電梯),住家用,鋼筋混凝土造,,90.5,1,1,1,有,無,6990000,111155,坡道平面,39.31,1300000,,RPOVMLOLNHLFFAB28CB
南區,房地(土地+建物)+車位,下橋子頭段151~180地號,21.79,住,,,1050314,土地1建物1車位1,四層,12,住宅大樓(11層含以上有電梯),住家用,鋼筋混凝土造,,90.89,1,1,1,有,無,6900000,110508,坡道平面,39.31,1200000,,RPPVMLOLNHLFFAB38CB
南區,房地(土地+建物)+車位,下橋子頭段151~180地號,21.79,住,,,1050409,土地1建物1車位1,五層,12,住宅大樓(11層含以上有電梯),住家用,鋼筋混凝土造,,90.89,2,2,1,有,無,7250000,117294,坡道平面,39.31,1200000,,RPQVMLOLNHLFFAB48CB
南區,房地(土地+建物)+車位,下橋子頭段151~180地號,21.79,住,,,1050127,土地1建物1車位1,六層,12,住宅大樓(11層含以上有電梯),住家用,鋼筋混凝土造,,90.89,2,2,1,有,無,7150000,116324,坡道平面,39.31,1150000,,RPRVMLOLNHLFFAB58CB
南區,房地(土地+建物)+車位,下橋子頭段151~180地號,21.79,住,,,1050217,土地1建物1車位1,七層,12,住宅大樓(11層含以上有電梯),住家用,鋼筋混凝土造,,90.89,2,2,1,有,無,7330000,118845,坡道平面,39.31,1200000,,RPSVMLOLNHLFFAB68CB
南區,房地(土地+建物)+車位,下橋子頭段151~180地號,21.79,住,,,1041128,土地1建物1車位1,八層,12,住宅大樓(11層含以上有電梯),住家用,鋼筋混凝土造,,90.89,2,2,1,有,無,7390000,119038,坡道平面,39.31,1250000,,RPTVMLOLNHLFFAB78CB
南區,房地(土地+建物)+車位,下橋子頭段151~180地號,21.79,住,,,1050302,土地1建物1車位1,九層,12,住宅大樓(11層含以上有電梯),住家用,鋼筋混凝土造,,90.89,2,2,1,有,無,7420000,120589,坡道平面,39.31,1200000,,RPUVMLOLNHLFFAB88CB
南區,房地(土地+建物)+車位,下橋子頭段151~180地號,21.79,住,,,1050312,土地1建物1車位1,十層,12,住宅大樓(11層含以上有電梯),住家用,鋼筋混凝土造,,90.89,2,2,1,有,無,7430000,120783,坡道平面,39.31,1200000,,RPVVMLOLNHLFFAB98CB
南區,房地(土地+建物)+車位,下橋子頭段151~180地號,21.79,住,,,1050223,土地1建物1車位1,十一層,12,住宅大樓(11層含以上有電梯),住家用,鋼筋混凝土造,,90.89,2,2,1,有,無,7780000,128776,坡道平面,40.57,1300000,,RPWVMLOLNHLFFAB09CB
南區,房地(土地+建物)+車位,下橋子頭段151~180地號,16.03,住,,,1050112,土地1建物1車位1,十二層,12,住宅大樓(11層含以上有電梯),住家用,鋼筋混凝土造,,66.64,2,2,1,有,無,6260000,190633,坡道平面,39.31,1050000,,RPXVMLOLNHLFFAB56CB
南區,房地(土地+建物)+車位,下橋子頭段151~180地號,15.03,住,,,1050409,土地1建物1車位1,二層,12,住宅大樓(11層含以上有電梯),住家用,鋼筋混凝土造,,62.28,1,1,1,有,無,5060000,177798,坡道平面,40.57,1200000,,RPOWMLOLNHLFFAB38CB
南區,房地(土地+建物)+車位,下橋子頭段151~180地號,15.03,住,,,1041203,土地1建物1車位1,三層,12,住宅大樓(11層含以上有電梯),住家用,鋼筋混凝土造,,62.28,1,1,1,有,無,5200000,176317,坡道平面,39.31,1150000,,RPPWMLOLNHLFFAB48CB
南區,房地(土地+建物)+車位,下橋子頭段151~180地號,15.03,住,,,1050303,土地1建物1車位1,四層,12,住宅大樓(11層含以上有電梯),住家用,鋼筋混凝土造,,62.28,1,1,1,有,無,4940000,167175,坡道平面,39.31,1100000,,RPQWMLOLNHLFFAB58CB
南區,房地(土地+建物)+車位,下橋子頭段151~180地號,15.03,住,,,1050415,土地1建物1車位1,五層,12,住宅大樓(11層含以上有電梯),住家用,鋼筋混凝土造,,62.28,1,1,1,有,無,5200000,178494,坡道平面,39.31,1100000,,RPRWMLOLNHLFFAB68CB
南區,房地(土地+建物)+車位,下橋子頭段151~180地號,15.03,住,,,1050102,土地1建物1車位1,六層,12,住宅大樓(11層含以上有電梯),住家用,鋼筋混凝土造,,62.28,1,1,1,有,無,5130000,177623,坡道平面,39.31,1050000,,RPSWMLOLNHLFFAB78CB
南區,房地(土地+建物)+車位,下橋子頭段151~180地號,15.03,住,,,1041204,土地1建物1車位1,七層,12,住宅大樓(11層含以上有電梯),住家用,鋼筋混凝土造,,62.28,1,1,1,有,無,5220000,181541,坡道平面,39.31,1050000,,RPTWMLOLNHLFFAB88CB
南區,房地(土地+建物)+車位,下橋子頭段151~180地號,15.03,住,,,1041206,土地1建物1車位1,八層,12,住宅大樓(11層含以上有電梯),住家用,鋼筋混凝土造,,62.28,1,1,1,有,無,5260000,183283,坡道平面,39.31,1050000,,RPUWMLOLNHLFFAB98CB
南區,房地(土地+建物)+車位,下橋子頭段151~180地號,15.03,住,,,1041219,土地1建物1車位1,九層,12,住宅大樓(11層含以上有電梯),住家用,鋼筋混凝土造,,62.28,1,1,1,有,無,5300000,185024,坡道平面,39.31,1050000,,RPVWMLOLNHLFFAB09CB
南區,房地(土地+建物)+車位,下橋子頭段151~180地號,15.03,住,,,1041201,土地1建物1車位2,十層,12,住宅大樓(11層含以上有電梯),住家用,鋼筋混凝土造,,62.28,1,1,1,有,無,6580000,0,坡道平面,78.62,2300000,,RPWWMLOLNHLFFAB56CB
南區,房地(土地+建物)+車位,下橋子頭段151~180地號,15.03,住,,,1041201,土地1建物1車位2,十一層,12,住宅大樓(11層含以上有電梯),住家用,鋼筋混凝土造,,62.28,1,1,1,有,無,6700000,0,坡道平面,78.62,2400000,,RPXWMLOLNHLFFAB66CB
南區,房地(土地+建物)+車位,下橋子頭段151~180地號,23.3,住,,,1050312,土地1建物1車位1,十二層,12,住宅大樓(11層含以上有電梯),住家用,鋼筋混凝土造,,96.47,2,2,1,有,無,8740000,130161,坡道平面,39.31,1300000,,RPONNLOLNHLFFAB57CB
南區,房地(土地+建物)+車位,下橋子頭段151~180地號,31.06,住,,,1050127,土地1建物1車位1,二層,12,住宅大樓(11層含以上有電梯),住家用,鋼筋混凝土造,,128.61,3,2,2,有,無,9230000,89362,坡道平面,39.31,1250000,,RPPNNLOLNHLFFAB67CB
南區,房地(土地+建物)+車位,下橋子頭段151~180地號,31.06,住,,,1050223,土地1建物1車位1,三層,12,住宅大樓(11層含以上有電梯),住家用,鋼筋混凝土造,,128.61,3,2,2,有,無,9270000,90370,坡道平面,39.31,1200000,,RPQNNLOLNHLFFAB77CB
南區,房地(土地+建物)+車位,下橋子頭段151~180地號,31.06,住,,,1050329,土地1建物1車位1,四層,12,住宅大樓(11層含以上有電梯),住家用,鋼筋混凝土造,,128.61,3,2,2,有,無,9000000,88466,坡道平面,39.31,1100000,,RPRNNLOLNHLFFAB87CB
南區,房地(土地+建物)+車位,下橋子頭段151~180地號,31.06,住,,,1050316,土地1建物1車位1,五層,12,住宅大樓(11層含以上有電梯),住家用,鋼筋混凝土造,,128.61,3,2,2,有,無,9500000,94065,坡道平面,39.31,1100000,,RPSNNLOLNHLFFAB97CB
南區,房地(土地+建物)+車位,下橋子頭段151~180地號,31.06,住,,,1041212,土地1建物1車位1,六層,12,住宅大樓(11層含以上有電梯),住家用,鋼筋混凝土造,,128.61,3,2,2,有,無,9630000,93841,坡道平面,39.31,1250000,,RPTNNLOLNHLFFAB08CB
南區,房地(土地+建物)+車位,下橋子頭段151~180地號,31.06,住,,,1041219,土地1建物1車位1,七層,12,住宅大樓(11層含以上有電梯),住家用,鋼筋混凝土造,,128.61,3,2,2,有,無,9600000,94625,坡道平面,39.31,1150000,,RPUNNLOLNHLFFAB18CB
南區,房地(土地+建物)+車位,下橋子頭段151~180地號,31.06,住,,,1050303,土地1建物1車位1,八層,12,住宅大樓(11層含以上有電梯),住家用,鋼筋混凝土造,,128.61,3,2,2,有,無,9560000,94737,坡道平面,39.31,1100000,,RPVNNLOLNHLFFAB28CB
南區,房地(土地+建物)+車位,下橋子頭段151~180地號,31.06,住,,,1050425,土地1建物1車位2,九層,12,住宅大樓(11層含以上有電梯),住家用,鋼筋混凝土造,,128.61,3,2,2,有,無,11200000,172034,坡道平面,78.62,2600000,,RPWNNLOLNHLFFAB38CB
南區,房地(土地+建物)+車位,下橋子頭段151~180地號,31.06,住,,,1050406,土地1建物1車位1,十層,12,住宅大樓(11層含以上有電梯),住家用,鋼筋混凝土造,,128.61,3,2,2,有,無,9780000,96081,坡道平面,39.31,1200000,,RPXNNLOLNHLFFAB48CB
南區,房地(土地+建物)+車位,下橋子頭段151~180地號,31.06,住,,,1050120,土地1建物1車位1,十一層,12,住宅大樓(11層含以上有電梯),住家用,鋼筋混凝土造,,128.61,3,2,2,有,無,10100000,100784,坡道平面,39.31,1100000,,RPOONLOLNHLFFAB67CB
南區,房地(土地+建物)+車位,下橋子頭段151~180地號,21.54,住,,,1050126,土地1建物1車位1,二層,12,住宅大樓(11層含以上有電梯),住家用,鋼筋混凝土造,,89.04,2,2,1,有,無,7660000,129901,坡道平面,39.31,1200000,,RPPONLOLNHLFFAB77CB
南區,房地(土地+建物)+車位,下橋子頭段151~180地號,21.54,住,,,1050202,土地1建物1車位1,二層,12,住宅大樓(11層含以上有電梯),住家用,鋼筋混凝土造,,89.04,2,2,1,有,無,7080000,121255,坡道平面,39.31,1050000,,RPQONLOLNHLFFAB87CB
南區,房地(土地+建物)+車位,下橋子頭段151~180地號,21.54,住,,,1050402,土地1建物1車位1,四層,12,住宅大樓(11層含以上有電梯),住家用,鋼筋混凝土造,,89.04,2,2,1,有,無,7000000,118641,坡道平面,39.31,1100000,,RPRONLOLNHLFFAB97CB
南區,房地(土地+建物)+車位,下橋子頭段151~180地號,21.54,住,,,1050102,土地1建物1車位1,五層,12,住宅大樓(11層含以上有電梯),住家用,鋼筋混凝土造,,89.04,2,2,1,有,無,7180000,123266,坡道平面,39.31,1050000,,RPSONLOLNHLFFAB08CB
南區,房地(土地+建物)+車位,下橋子頭段151~180地號,21.54,住,,,1041214,土地1建物1車位1,六層,12,住宅大樓(11層含以上有電梯),住家用,鋼筋混凝土造,,89.04,2,2,1,有,無,7240000,124472,坡道平面,39.31,1050000,,RPTONLOLNHLFFAB18CB
南區,房地(土地+建物)+車位,下橋子頭段151~180地號,21.54,住,,,1050423,土地1建物1車位1,八層,12,住宅大樓(11層含以上有電梯),住家用,鋼筋混凝土造,,89.04,2,2,1,有,無,7300000,122662,坡道平面,39.31,1200000,,RPUONLOLNHLFFAB28CB
南區,房地(土地+建物)+車位,下橋子頭段151~180地號,21.54,住,,,1050220,土地1建物1車位1,八層,12,住宅大樓(11層含以上有電梯),住家用,鋼筋混凝土造,,89.04,2,2,1,有,無,7300000,125679,坡道平面,39.31,1050000,,RPVONLOLNHLFFAB38CB
南區,房地(土地+建物)+車位,下橋子頭段151~180地號,21.54,住,,,1050213,土地1建物1車位1,九層,12,住宅大樓(11層含以上有電梯),住家用,鋼筋混凝土造,,89.04,2,2,1,有,無,7280000,125276,坡道平面,39.31,1050000,,RPWONLOLNHLFFAB48CB
南區,房地(土地+建物)+車位,下橋子頭段151~180地號,21.54,住,,,1050312,土地1建物1車位1,十層,12,住宅大樓(11層含以上有電梯),住家用,鋼筋混凝土造,,89.04,2,2,1,有,無,7520000,125075,坡道平面,39.31,1300000,,RPXONLOLNHLFFAB58CB
南區,房地(土地+建物)+車位,下橋子頭段151~180地號,21.54,住,,,1041128,土地1建物1車位1,十一層,12,住宅大樓(11層含以上有電梯),住家用,鋼筋混凝土造,,89.04,2,2,1,有,無,7560000,128896,坡道平面,39.31,1150000,,RPOPNLOLNHLFFAB77CB
南區,房地(土地+建物)+車位,下橋子頭段151~180地號,21.29,住,,,1050420,土地1建物1車位1,二層,12,住宅大樓(11層含以上有電梯),住家用,鋼筋混凝土造,,88.14,2,2,1,有,無,6980000,118370,坡道平面,39.31,1200000,,RPPPNLOLNHLFFAB87CB
南區,房地(土地+建物)+車位,下橋子頭段151~180地號,21.29,住,,,1050327,土地1建物1車位1,三層,12,住宅大樓(11層含以上有電梯),住家用,鋼筋混凝土造,,88.89,2,2,1,有,無,6950000,117991,坡道平面,39.31,1100000,,RPQPNLOLNHLFFAB97CB
南區,房地(土地+建物)+車位,下橋子頭段151~180地號,21.29,住,,,1050409,土地1建物1車位1,四層,12,住宅大樓(11層含以上有電梯),住家用,鋼筋混凝土造,,88.89,2,2,1,有,無,6950000,117991,坡道平面,39.31,1100000,,RPRPNLOLNHLFFAB08CB
南區,房地(土地+建物)+車位,下橋子頭段151~180地號,21.29,住,,,1041128,土地1建物1車位1,五層,12,住宅大樓(11層含以上有電梯),住家用,鋼筋混凝土造,,88.89,2,2,1,有,無,7100000,122025,坡道平面,39.31,1050000,,RPSPNLOLNHLFFAB18CB
南區,房地(土地+建物)+車位,下橋子頭段151~180地號,21.29,住,,,1041225,土地1建物1車位1,六層,12,住宅大樓(11層含以上有電梯),住家用,鋼筋混凝土造,,88.89,2,2,1,有,無,7160000,121218,坡道平面,39.31,1150000,,RPTPNLOLNHLFFAB28CB
南區,房地(土地+建物)+車位,下橋子頭段151~180地號,21.29,住,,,1041226,土地1建物1車位1,七層,12,住宅大樓(11層含以上有電梯),住家用,鋼筋混凝土造,,88.89,2,2,1,有,無,7280000,123639,坡道平面,39.31,1150000,,RPUPNLOLNHLFFAB38CB
南區,房地(土地+建物)+車位,下橋子頭段151~180地號,21.29,住,,,1050214,土地1建物1車位1,八層,12,住宅大樓(11層含以上有電梯),住家用,鋼筋混凝土造,,88.89,2,2,1,有,無,7170000,123437,坡道平面,39.31,1050000,,RPVPNLOLNHLFFAB48CB
南區,房地(土地+建物)+車位,下橋子頭段151~180地號,21.29,住,,,1050213,土地1建物1車位1,九層,12,住宅大樓(11層含以上有電梯),住家用,鋼筋混凝土造,,88.89,2,2,1,有,無,7190000,123840,坡道平面,39.31,1050000,,RPWPNLOLNHLFFAB58CB
南區,房地(土地+建物)+車位,下橋子頭段151~180地號,21.29,住,,,1050312,土地1建物1車位1,十層,12,住宅大樓(11層含以上有電梯),住家用,鋼筋混凝土造,,88.89,2,2,1,有,無,7430000,123639,坡道平面,39.31,1300000,,RPXPNLOLNHLFFAB68CB
南區,房地(土地+建物)+車位,下橋子頭段151~180地號,21.29,住,,,1050112,土地1建物1車位1,十一層,12,住宅大樓(11層含以上有電梯),住家用,鋼筋混凝土造,,88.89,2,2,1,有,無,7410000,126261,坡道平面,39.31,1150000,,RPOQNLOLNHLFFAB87CB
南區,房地(土地+建物)+車位,下橋子頭段151~180地號,30.81,住,,,1050224,土地1建物1車位2,一層,12,店面(店鋪),商業用,鋼筋混凝土造,,113.33,0,0,0,無,無,15200000,365889,坡道平面,78.62,2500000,,RPPQNLOLNHLFFAB97CB
南區,房地(土地+建物)+車位,下橋子頭段151~180地號,26.8,住,,,1041216,土地1建物1車位2,一層,12,店面(店鋪),商業用,鋼筋混凝土造,,98.79,0,0,0,無,無,12880000,514626,坡道平面,78.62,2500000,,RPQQNLOLNHLFFAB08CB
南區,房地(土地+建物)+車位,下橋子頭段151~180地號,27.05,住,,,1041204,土地1建物1車位2,一層,12,店面(店鋪),商業用,鋼筋混凝土造,,99.29,0,0,0,無,無,12870000,501693,坡道平面,78.62,2500000,,RPRQNLOLNHLFFAB18CB
南區,房地(土地+建物)+車位,下橋子頭段151~180地號,30.81,住,,,1050313,土地1建物1車位2,一層,12,店面(店鋪),商業用,鋼筋混凝土造,,113.33,0,0,0,無,無,14880000,353789,坡道平面,78.62,2600000,,RPSQNLOLNHLFFAB28CB
北屯區,房地(土地+建物)+車位,東峰段1~30地號,17.48,商,,,1040207,土地1建物1車位1,一層,22,住宅大樓(11層含以上有電梯),商業用,鋼筋混凝土造,,173.93,0,0,1,無,無,38330000,241667,坡道平面,21.53,1500000,,RPSUMLNKOHLFFBB58CB
北屯區,房地(土地+建物)+車位,東峰段1~30地號,8.83,商,,,1030504,土地1建物1車位1,十九層,22,住宅大樓(11層含以上有電梯),住家用,鋼筋混凝土造,,119.78,3,2,2,有,無,12550000,111959,坡道平面,21.53,1550000,,RPTUMLNKOHLFFBB68CB
北屯區,房地(土地+建物),東峰段1~30地號,6.0,商,,,1030726,土地1建物1車位0,十一層,22,住宅大樓(11層含以上有電梯),住家用,鋼筋混凝土造,,81.64,2,2,1,有,無,7100000,86967,,0.0,0,,RPUUMLNKOHLFFBB78CB
北屯區,房地(土地+建物)+車位,東峰段1~30地號,8.83,商,,,1040306,土地1建物1車位1,二十一層,22,住宅大樓(11層含以上有電梯),住家用,鋼筋混凝土造,,119.78,3,2,2,有,無,12700000,113486,坡道平面,21.53,1550000,,RPVUMLNKOHLFFBB88CB
北屯區,房地(土地+建物)+車位,東峰段1~30地號,8.83,商,,,1030511,土地1建物1車位1,十七層,22,住宅大樓(11層含以上有電梯),住家用,鋼筋混凝土造,,119.78,3,2,2,有,無,12270000,109109,坡道平面,21.53,1550000,,RPWUMLNKOHLFFBB98CB
北屯區,房地(土地+建物)+車位,東峰段1~30地號,9.54,商,,,1030503,土地1建物1車位1,十三層,22,住宅大樓(11層含以上有電梯),住家用,鋼筋混凝土造,,129.95,3,2,2,有,無,12810000,107116,坡道平面,24.83,1550000,,RPXUMLNKOHLFFBB09CB
北屯區,房地(土地+建物),東峰段1~30地號,6.53,商,,,1030817,土地1建物1車位0,十七層,22,住宅大樓(11層含以上有電梯),住家用,鋼筋混凝土造,,88.57,2,2,1,有,無,8150000,92018,,0.0,0,,RPOVMLNKOHLFFBB28CB
北屯區,房地(土地+建物)+車位,東峰段1~30地號,9.54,商,,,1030426,土地1建物1車位1,七層,22,住宅大樓(11層含以上有電梯),住家用,鋼筋混凝土造,,129.95,3,2,2,有,無,12430000,103025,坡道平面,24.83,1600000,,RPPVMLNKOHLFFBB38CB
北屯區,房地(土地+建物)+車位,東峰段1~30地號,9.01,商,,,1040326,土地1建物1車位1,七層,22,住宅大樓(11層含以上有電梯),住家用,鋼筋混凝土造,,121.15,3,2,2,有,無,11990000,105300,坡道平面,21.53,1500000,,RPQVMLNKOHLFFBB48CB
北屯區,房地(土地+建物),東峰段1~30地號,6.53,商,,,1030504,土地1建物1車位0,二十二層,22,住宅大樓(11層含以上有電梯),住家用,鋼筋混凝土造,,89.03,2,2,1,有,無,8250000,92665,,0.0,0,,RPRVMLNKOHLFFBB58CB
北屯區,房地(土地+建物),東峰段1~30地號,6.53,商,,,1030427,土地1建物1車位0,十三層,22,住宅大樓(11層含以上有電梯),住家用,鋼筋混凝土造,,89.03,2,2,1,有,無,7710000,86600,,0.0,0,,RPSVMLNKOHLFFBB68CB
北屯區,房地(土地+建物)+車位,東峰段1~30地號,9.71,商,,,1030607,土地1建物1車位1,十六層,22,住宅大樓(11層含以上有電梯),住家用,鋼筋混凝土造,,132.27,3,3,3,有,無,13110000,103937,坡道平面,21.53,1600000,,RPTVMLNKOHLFFBB78CB
北屯區,房地(土地+建物)+車位,東峰段1~30地號,8.83,商,,,1031027,土地1建物1車位1,十六層,22,住宅大樓(11層含以上有電梯),住家用,鋼筋混凝土造,,119.78,3,2,2,有,無,12200000,110433,坡道平面,21.53,1350000,,RPUVMLNKOHLFFBB88CB
北屯區,房地(土地+建物)+車位,東峰段1~30地號,9.71,商,,,1040517,土地1建物1車位1,二十層,22,住宅大樓(11層含以上有電梯),住家用,鋼筋混凝土造,,132.27,3,2,2,有,無,12890000,102854,坡道平面,21.53,1500000,,RPVVMLNKOHLFFBB98CB
北屯區,房地(土地+建物),東峰段1~30地號,6.53,商,,,1030705,土地1建物1車位0,十七層,22,住宅大樓(11層含以上有電梯),住家用,鋼筋混凝土造,,89.03,2,2,1,有,無,7970000,89520,,0.0,0,,RPWVMLNKOHLFFBB09CB
北屯區,房地(土地+建物),東峰段1~30地號,6.53,商,,,1030621,土地1建物1車位0,三層,22,住宅大樓(11層含以上有電梯),住家用,鋼筋混凝土造,,88.57,2,2,1,有,無,7030000,79372,,0.0,0,,RPXVMLNKOHLFFBB56CB
北屯區,房地(土地+建物),東峰段1~30地號,6.53,商,,,1030504,土地1建物1車位0,二層,22,住宅大樓(11層含以上有電梯),住家用,鋼筋混凝土造,,88.57,2,2,1,有,無,6680000,75421,,0.0,0,,RPOWMLNKOHLFFBB38CB
北屯區,房地(土地+建物),東峰段1~30地號,6.0,商,,,1030511,土地1建物1車位0,二十層,22,住宅大樓(11層含以上有電梯),住家用,鋼筋混凝土造,,81.64,2,2,1,有,無,7390000,90519,,0.0,0,,RPPWMLNKOHLFFBB48CB
北屯區,房地(土地+建物)+車位,東峰段1~30地號,8.83,商,,,1030510,土地1建物1車位1,十層,22,住宅大樓(11層含以上有電梯),住家用,鋼筋混凝土造,,119.78,3,2,2,有,無,12100000,107379,坡道平面,21.53,1550000,,RPQWMLNKOHLFFBB58CB
北屯區,房地(土地+建物)+車位,東峰段1~30地號,6.53,商,,,1030914,土地1建物1車位1,二層,22,住宅大樓(11層含以上有電梯),住家用,鋼筋混凝土造,,89.03,2,2,1,有,無,8780000,106719,升降機械,12.38,600000,,RPRWMLNKOHLFFBB68CB
北屯區,房地(土地+建物)+車位,東峰段1~30地號,9.71,商,,,1031001,土地1建物1車位1,七層,22,住宅大樓(11層含以上有電梯),住家用,鋼筋混凝土造,,132.27,3,2,2,有,無,12650000,100235,坡道平面,21.53,1550000,,RPTWMLNKOHLFFBB88CB
北屯區,房地(土地+建物),東峰段1~30地號,6.53,商,,,1030426,土地1建物1車位0,十四層,22,住宅大樓(11層含以上有電梯),住家用,鋼筋混凝土造,,88.57,2,2,1,有,無,7450000,84114,,0.0,0,,RPUWMLNKOHLFFBB98CB
北屯區,房地(土地+建物)+車位,東峰段1~30地號,9.71,商,,,1030719,土地1建物1車位1,十八層,22,住宅大樓(11層含以上有電梯),住家用,鋼筋混凝土造,,132.27,3,2,2,有,無,13600000,112156,坡道平面,24.83,1550000,,RPVWMLNKOHLFFBB09CB
北屯區,房地(土地+建物)+車位,東峰段1~30地號,8.83,商,,,1030706,土地1建物1車位1,三層,22,住宅大樓(11層含以上有電梯),住家用,鋼筋混凝土造,,119.78,3,2,2,有,無,10870000,96896,坡道平面,21.53,1350000,,RPWWMLNKOHLFFBB56CB
北屯區,房地(土地+建物),東峰段1~30地號,6.0,商,,,1030517,土地1建物1車位0,十八層,22,住宅大樓(11層含以上有電梯),住家用,鋼筋混凝土造,,81.64,2,2,1,有,無,7150000,87580,,0.0,0,,RPXWMLNKOHLFFBB66CB
北屯區,房地(土地+建物)+車位,東峰段1~30地號,9.01,商,,,1030510,土地1建物1車位1,九層,22,住宅大樓(11層含以上有電梯),住家用,鋼筋混凝土造,,121.15,3,2,2,有,無,11760000,102489,坡道平面,21.53,1550000,,RPONNLNKOHLFFBB57CB
北屯區,房地(土地+建物),東峰段1~30地號,6.53,商,,,1030802,土地1建物1車位0,十八層,22,住宅大樓(11層含以上有電梯),住家用,鋼筋混凝土造,,89.03,2,2,1,有,無,8230000,92441,,0.0,0,,RPPNNLNKOHLFFBB67CB
北屯區,房地(土地+建物)+車位,東峰段1~30地號,6.53,商,,,1030525,土地1建物1車位1,十一層,22,住宅大樓(11層含以上有電梯),住家用,鋼筋混凝土造,,88.57,2,2,1,有,無,8250000,96469,升降機械,12.38,900000,,RPQNNLNKOHLFFBB77CB
北屯區,房地(土地+建物),東峰段1~30地號,6.0,商,,,1030621,土地1建物1車位0,八層,22,住宅大樓(11層含以上有電梯),住家用,鋼筋混凝土造,,81.64,2,2,1,有,無,6850000,83905,,0.0,0,,RPRNNLNKOHLFFBB87CB
北屯區,房地(土地+建物)+車位,東峰段1~30地號,8.83,商,,,1031206,土地1建物1車位1,七層,22,住宅大樓(11層含以上有電梯),住家用,鋼筋混凝土造,,119.78,3,2,2,有,無,10590000,95208,坡道平面,24.83,1550000,,RPSNNLNKOHLFFBB97CB
北屯區,房地(土地+建物)+車位,東峰段1~30地號,8.83,商,,,1040307,土地1建物1車位1,九層,22,住宅大樓(11層含以上有電梯),住家用,鋼筋混凝土造,,119.78,3,2,2,有,無,10500000,92179,坡道機械,12.38,600000,,RPTNNLNKOHLFFBB08CB
北屯區,房地(土地+建物),東峰段1~30地號,6.53,商,,,1030511,土地1建物1車位0,十七層,22,住宅大樓(11層含以上有電梯),住家用,鋼筋混凝土造,,88.57,2,2,1,有,無,7800000,88066,,0.0,0,,RPUNNLNKOHLFFBB18CB
北屯區,房地(土地+建物),東峰段1~30地號,6.53,商,,,1040404,土地1建物1車位0,十層,22,住宅大樓(11層含以上有電梯),住家用,鋼筋混凝土造,,89.02,2,2,1,有,無,7750000,87059,,0.0,0,,RPVNNLNKOHLFFBB28CB
北屯區,房地(土地+建物)+車位,東峰段1~30地號,9.71,商,,,1031109,土地1建物1車位1,十一層,22,住宅大樓(11層含以上有電梯),住家用,鋼筋混凝土造,,132.27,3,2,2,有,無,12800000,102041,坡道平面,21.53,1500000,,RPWNNLNKOHLFFBB38CB
北屯區,房地(土地+建物)+車位,東峰段1~30地號,8.83,商,,,1040301,土地1建物1車位1,二十一層,22,住宅大樓(11層含以上有電梯),住家用,鋼筋混凝土造,,119.78,3,2,2,有,無,12840000,115420,坡道平面,21.53,1500000,,RPXNNLNKOHLFFBB48CB
北屯區,房地(土地+建物),東峰段1~30地號,6.0,商,,,1030524,土地1建物1車位0,十三層,22,住宅大樓(11層含以上有電梯),住家用,鋼筋混凝土造,,81.64,2,2,1,有,無,6900000,84517,,0.0,0,,RPOONLNKOHLFFBB67CB
北屯區,房地(土地+建物)+車位,東峰段1~30地號,9.71,商,,,1030525,土地1建物1車位1,八層,22,住宅大樓(11層含以上有電梯),住家用,鋼筋混凝土造,,132.27,3,2,2,有,無,12230000,98248,坡道平面,21.53,1350000,,RPPONLNKOHLFFBB77CB
北屯區,房地(土地+建物)+車位,東峰段1~30地號,9.71,商,,,1040228,土地1建物1車位1,二十一層,22,住宅大樓(11層含以上有電梯),住家用,鋼筋混凝土造,,132.27,3,2,2,有,無,13210000,108060,坡道平面,24.83,1600000,,RPQONLNKOHLFFBB87CB
北屯區,房地(土地+建物)+車位,東峰段1~30地號,9.71,商,,,1030524,土地1建物1車位1,八層,22,住宅大樓(11層含以上有電梯),住家用,鋼筋混凝土造,,132.27,3,2,2,有,無,12230000,98248,坡道平面,21.53,1350000,,RPRONLNKOHLFFBB97CB
北屯區,房地(土地+建物)+車位,東峰段1~30地號,9.54,商,,,1040510,土地1建物1車位1,十七層,22,住宅大樓(11層含以上有電梯),住家用,鋼筋混凝土造,,129.95,3,2,2,有,無,12600000,104642,坡道平面,24.83,1600000,,RPSONLNKOHLFFBB08CB
北屯區,房地(土地+建物),東峰段1~30地號,6.53,商,,,1031209,土地1建物1車位0,二十層,22,住宅大樓(11層含以上有電梯),住家用,鋼筋混凝土造,,89.03,2,2,1,有,無,8300000,93227,,0.0,0,,RPTONLNKOHLFFBB18CB
北屯區,房地(土地+建物),東峰段1~30地號,6.53,商,,,1030621,土地1建物1車位0,七層,22,住宅大樓(11層含以上有電梯),住家用,鋼筋混凝土造,,89.03,2,2,1,有,無,7570000,85028,,0.0,0,,RPUONLNKOHLFFBB28CB
北屯區,房地(土地+建物)+車位,東峰段1~30地號,9.71,商,,,1030523,土地1建物1車位1,十七層,22,住宅大樓(11層含以上有電梯),住家用,鋼筋混凝土造,,132.27,3,2,2,有,無,13330000,109643,坡道平面,24.83,1550000,,RPVONLNKOHLFFBB38CB
北屯區,房地(土地+建物)+車位,東峰段1~30地號,8.83,商,,,1030828,土地1建物1車位1,二層,22,住宅大樓(11層含以上有電梯),住家用,鋼筋混凝土造,,119.78,3,2,2,有,無,9700000,84730,坡道機械,12.38,600000,,RPWONLNKOHLFFBB48CB
北屯區,房地(土地+建物)+車位,東峰段1~30地號,8.83,商,,,1031123,土地1建物1車位1,六層,22,住宅大樓(11層含以上有電梯),住家用,鋼筋混凝土造,,119.78,3,2,2,有,無,11280000,101069,坡道平面,21.53,1350000,,RPXONLNKOHLFFBB58CB
北屯區,房地(土地+建物)+車位,東峰段1~30地號,9.54,商,,,1031124,土地1建物1車位1,十五層,22,住宅大樓(11層含以上有電梯),住家用,鋼筋混凝土造,,129.95,3,2,2,有,無,13020000,109113,坡道平面,24.83,1550000,,RPOPNLNKOHLFFBB77CB
北屯區,房地(土地+建物),東峰段1~30地號,6.0,商,,,1030420,土地1建物1車位0,二十二層,22,住宅大樓(11層含以上有電梯),住家用,鋼筋混凝土造,,81.64,2,2,1,有,無,7320000,89662,,0.0,0,,RPPPNLNKOHLFFBB87CB
北屯區,房地(土地+建物),東峰段1~30地號,6.0,商,,,1030905,土地1建物1車位0,二十二層,22,住宅大樓(11層含以上有電梯),住家用,鋼筋混凝土造,,81.64,2,2,1,有,無,7530000,92234,,0.0,0,,RPQPNLNKOHLFFBB97CB
北屯區,房地(土地+建物)+車位,東峰段1~30地號,8.83,商,,,1040515,土地1建物1車位1,十八層,22,住宅大樓(11層含以上有電梯),住家用,鋼筋混凝土造,,119.78,3,2,2,有,無,11620000,103003,坡道平面,21.53,1500000,,RPRPNLNKOHLFFBB08CB
北屯區,房地(土地+建物)+車位,東峰段1~30地號,8.83,商,,,1030615,土地1建物1車位1,十四層,22,住宅大樓(11層含以上有電梯),住家用,鋼筋混凝土造,,119.78,3,2,2,有,無,11120000,102370,坡道平面,24.83,1400000,,RPSPNLNKOHLFFBB18CB
北屯區,房地(土地+建物),東峰段1~30地號,6.0,商,,,1030517,土地1建物1車位0,二層,22,住宅大樓(11層含以上有電梯),住家用,鋼筋混凝土造,,80.7,2,2,1,有,無,5760000,71375,,0.0,0,,RPTPNLNKOHLFFBB28CB
北屯區,房地(土地+建物)+車位,東峰段1~30地號,6.53,商,,,1031208,土地1建物1車位1,二十一層,22,住宅大樓(11層含以上有電梯),商業用,鋼筋混凝土造,,88.57,2,1,1,有,無,8780000,107363,坡道機械,12.38,600000,,RPUPNLNKOHLFFBB38CB
北屯區,房地(土地+建物),東峰段1~30地號,6.0,商,,,1030620,土地1建物1車位0,七層,22,住宅大樓(11層含以上有電梯),住家用,鋼筋混凝土造,,81.64,2,2,1,有,無,6770000,82925,,0.0,0,,RPVPNLNKOHLFFBB48CB
北屯區,房地(土地+建物)+車位,東峰段1~30地號,9.54,商,,,1030720,土地1建物1車位1,九層,22,住宅大樓(11層含以上有電梯),住家用,鋼筋混凝土造,,129.95,3,2,2,有,無,12870000,106253,坡道平面,21.53,1350000,,RPWPNLNKOHLFFBB58CB
北屯區,房地(土地+建物)+車位,東峰段1~30地號,9.71,商,,,1041101,土地1建物1車位1,二十二層,22,住宅大樓(11層含以上有電梯),住家用,鋼筋混凝土造,,132.27,3,2,2,有,無,12450000,97526,坡道平面,21.53,1650000,,RPXPNLNKOHLFFBB68CB
北屯區,房地(土地+建物)+車位,東峰段1~30地號,9.01,商,,,1030524,土地1建物1車位1,十七層,22,住宅大樓(11層含以上有電梯),住家用,鋼筋混凝土造,,121.15,3,2,2,有,無,12360000,108010,坡道平面,21.53,1600000,,RPOQNLNKOHLFFBB87CB
北屯區,房地(土地+建物)+車位,東峰段1~30地號,9.71,商,,,1030620,土地1建物1車位1,九層,22,住宅大樓(11層含以上有電梯),住家用,鋼筋混凝土造,,132.27,3,2,2,有,無,12660000,102010,坡道平面,24.83,1700000,,RPPQNLNKOHLFFBB97CB
北屯區,房地(土地+建物)+車位,東峰段1~30地號,6.53,商,,,1030525,土地1建物1車位1,九層,22,住宅大樓(11層含以上有電梯),住家用,鋼筋混凝土造,,88.57,2,2,1,有,無,8140000,95026,升降機械,12.38,900000,,RPQQNLNKOHLFFBB08CB
北屯區,房地(土地+建物)+車位,東峰段1~30地號,8.83,商,,,1030713,土地1建物1車位1,二十層,22,住宅大樓(11層含以上有電梯),住家用,鋼筋混凝土造,,119.78,3,2,2,有,無,13200000,122170,坡道平面,24.83,1600000,,RPRQNLNKOHLFFBB18CB
北屯區,房地(土地+建物)+車位,東峰段1~30地號,8.83,商,,,1030417,土地1建物1車位1,十五層,22,住宅大樓(11層含以上有電梯),住家用,鋼筋混凝土造,,119.78,3,2,2,有,無,11950000,109531,坡道平面,24.83,1550000,,RPSQNLNKOHLFFBB28CB
北屯區,房地(土地+建物)+車位,東峰段1~30地號,6.53,商,,,1030531,土地1建物1車位1,五層,22,住宅大樓(11層含以上有電梯),住家用,鋼筋混凝土造,,89.03,2,2,1,有,無,7330000,87802,升降機械,12.38,600000,,RPTQNLNKOHLFFBB38CB
北屯區,房地(土地+建物)+車位,東峰段1~30地號,6.53,商,,,1031006,土地1建物1車位1,二十二層,22,住宅大樓(11層含以上有電梯),商業用,鋼筋混凝土造,,88.57,2,1,1,有,無,8680000,106051,坡道機械,12.38,600000,,RPUQNLNKOHLFFBB48CB
北屯區,房地(土地+建物)+車位,東峰段1~30地號,9.01,商,,,1030607,土地1建物1車位1,二層,22,住宅大樓(11層含以上有電梯),住家用,鋼筋混凝土造,,121.15,3,2,2,有,無,9570000,79709,升降機械,12.38,900000,,RPVQNLNKOHLFFBB58CB
北屯區,房地(土地+建物),東峰段1~30地號,6.53,商,,,1030525,土地1建物1車位0,十六層,22,住宅大樓(11層含以上有電梯),住家用,鋼筋混凝土造,,89.03,2,2,1,有,無,7870000,88397,,0.0,0,,RPWQNLNKOHLFFBB68CB
北屯區,房地(土地+建物)+車位,東峰段1~30地號,8.83,商,,,1030413,土地1建物1車位1,十四層,22,住宅大樓(11層含以上有電梯),住家用,鋼筋混凝土造,,119.78,3,2,2,有,無,11350000,104792,坡道平面,24.83,1400000,,RPXQNLNKOHLFFBB78CB
北屯區,房地(土地+建物)+車位,東峰段1~30地號,9.71,商,,,1041115,土地1建物1車位1,五層,22,住宅大樓(11層含以上有電梯),住家用,鋼筋混凝土造,,132.26,3,2,2,有,無,9810000,74324,升降機械,12.38,900000,,RPORNLNKOHLFFBB97CB
北屯區,房地(土地+建物),東峰段1~30地號,6.0,商,,,1030503,土地1建物1車位0,三層,22,住宅大樓(11層含以上有電梯),住家用,鋼筋混凝土造,,81.64,2,2,1,有,無,5860000,71779,,0.0,0,,RPPRNLNKOHLFFBB08CB
北屯區,房地(土地+建物)+車位,東峰段1~30地號,9.71,商,,,1040516,土地1建物1車位1,二十一層,22,住宅大樓(11層含以上有電梯),住家用,鋼筋混凝土造,,132.27,3,2,2,有,無,13500000,110759,坡道平面,24.83,1600000,,RPQRNLNKOHLFFBB18CB
北屯區,房地(土地+建物)+車位,東峰段1~30地號,6.53,商,,,1030531,土地1建物1車位1,三層,22,住宅大樓(11層含以上有電梯),住家用,鋼筋混凝土造,,89.03,3,2,2,有,無,7300000,87410,升降機械,12.38,600000,,RPRRNLNKOHLFFBB28CB
北屯區,房地(土地+建物)+車位,東峰段1~30地號,6.53,商,,,1030531,土地1建物1車位1,十二層,22,住宅大樓(11層含以上有電梯),住家用,鋼筋混凝土造,,88.57,2,2,1,有,無,8200000,99940,坡道平面,21.53,1500000,,RPSRNLNKOHLFFBB38CB
北屯區,房地(土地+建物)+車位,東峰段1~30地號,9.01,商,,,1031011,土地1建物1車位1,四層,22,住宅大樓(11層含以上有電梯),住家用,鋼筋混凝土造,,121.15,3,2,2,有,無,10450000,87800,升降機械,12.38,900000,,RPTRNLNKOHLFFBB48CB
北屯區,房地(土地+建物)+車位,東峰段1~30地號,6.53,商,,,1030413,土地1建物1車位1,六層,22,住宅大樓(11層含以上有電梯),住家用,鋼筋混凝土造,,89.03,2,2,1,有,無,7640000,91846,升降機械,12.38,600000,,RPURNLNKOHLFFBB58CB
北屯區,房地(土地+建物),北屯段1~30地號,6.0,商,,,1030503,土地1建物1車位0,六層,22,住宅大樓(11層含以上有電梯),住家用,鋼筋混凝土造,,81.64,2,2,1,有,無,6500000,79618,,0.0,0,,RPVRNLNKOHLFFBB68CB
北屯區,房地(土地+建物)+車位,東峰段1~30地號,9.01,商,,,1030530,土地1建物1車位1,十二層,22,住宅大樓(11層含以上有電梯),住家用,鋼筋混凝土造,,121.15,3,2,2,有,無,11800000,104899,坡道平面,21.53,1350000,,RPWRNLNKOHLFFBB78CB
北屯區,房地(土地+建物)+車位,東峰段1~30地號,9.71,商,,,1030531,土地1建物1車位1,二十二層,22,住宅大樓(11層含以上有電梯),住家用,鋼筋混凝土造,,132.27,3,2,2,有,無,13690000,110078,坡道平面,21.53,1500000,,RPXRNLNKOHLFFBB88CB
北屯區,房地(土地+建物)+車位,東峰段1~30地號,9.54,商,,,1040321,土地1建物1車位1,八層,22,住宅大樓(11層含以上有電梯),住家用,鋼筋混凝土造,,129.95,3,2,2,有,無,12700000,105594,坡道平面,24.83,1600000,,RPOSNLNKOHLFFBB08CB
北屯區,房地(土地+建物)+車位,東峰段1~30地號,9.71,商,,,1031108,土地1建物1車位1,十一層,22,住宅大樓(11層含以上有電梯),住家用,鋼筋混凝土造,,132.27,3,2,2,有,無,12800000,102041,坡道平面,21.53,1500000,,RPPSNLNKOHLFFBB18CB
北屯區,房地(土地+建物)+車位,東峰段1~30地號,9.71,商,,,1030801,土地1建物1車位1,十六層,22,住宅大樓(11層含以上有電梯),住家用,鋼筋混凝土造,,132.27,3,2,2,有,無,13160000,108060,坡道平面,24.83,1550000,,RPQSNLNKOHLFFBB28CB
北屯區,房地(土地+建物),東峰段1~30地號,9.71,商,,,1030517,土地1建物1車位0,十三層,22,住宅大樓(11層含以上有電梯),住家用,鋼筋混凝土造,,132.27,3,2,2,有,無,11220000,84826,,0.0,0,,RPRSNLNKOHLFFBB38CB
北屯區,房地(土地+建物)+車位,東峰段1~30地號,6.53,商,,,1030518,土地1建物1車位1,八層,22,住宅大樓(11層含以上有電梯),住家用,鋼筋混凝土造,,89.03,2,2,1,有,無,8100000,93933,升降機械,12.38,900000,,RPSSNLNKOHLFFBB48CB
北屯區,房地(土地+建物),東峰段1~30地號,6.53,商,,,1030504,土地1建物1車位0,十九層,22,住宅大樓(11層含以上有電梯),住家用,鋼筋混凝土造,,88.57,2,2,1,有,無,8150000,92018,,0.0,0,,RPTSNLNKOHLFFBB58CB
北屯區,房地(土地+建物)+車位,東峰段1~30地號,8.83,商,,,1040531,土地1建物1車位1,十七層,22,住宅大樓(11層含以上有電梯),住家用,鋼筋混凝土造,,119.78,3,2,2,有,無,11420000,103423,坡道平面,24.83,1600000,,RPUSNLNKOHLFFBB68CB
北屯區,房地(土地+建物),東峰段1~30地號,6.0,商,,,1040411,土地1建物1車位0,十一層,22,住宅大樓(11層含以上有電梯),住家用,鋼筋混凝土造,,81.64,2,2,1,有,無,7000000,85742,,0.0,0,,RPVSNLNKOHLFFBB78CB
北屯區,房地(土地+建物)+車位,東峰段1~30地號,9.01,商,,,1030530,土地1建物1車位1,十六層,22,住宅大樓(11層含以上有電梯),住家用,鋼筋混凝土造,,121.15,3,2,2,有,無,12300000,111607,坡道平面,24.83,1550000,,RPWSNLNKOHLFFBB88CB
北屯區,房地(土地+建物)+車位,東峰段1~30地號,7.77,商,,,1031026,土地1建物1車位1,一層,22,住宅大樓(11層含以上有電梯),商業用,鋼筋混凝土造,,63.72,0,0,1,無,無,15050000,345847,坡道平面,24.83,1600000,,RPXSNLNKOHLFFBB98CB
北屯區,房地(土地+建物)+車位,東峰段1~30地號,17.48,商,,,1031026,土地1建物1車位1,一層,22,住宅大樓(11層含以上有電梯),商業用,鋼筋混凝土造,,174.5,0,0,1,無,無,38500000,246542,坡道平面,24.83,1600000,,RPOTNLNKOHLFFBB18CB
北屯區,房地(土地+建物)+車位,東峰段1~30地號,6.53,商,,,1031004,土地1建物1車位1,二十一層,22,住宅大樓(11層含以上有電梯),住家用,鋼筋混凝土造,,89.03,2,2,1,有,無,8800000,106980,升降機械,12.38,600000,,RPPTNLNKOHLFFBB28CB
北屯區,房地(土地+建物)+車位,東峰段1~30地號,9.54,商,,,1031025,土地1建物1車位1,十一層,22,住宅大樓(11層含以上有電梯),住家用,鋼筋混凝土造,,129.95,3,2,2,有,無,13000000,108447,坡道平面,24.83,1600000,,RPQTNLNKOHLFFBB38CB
北屯區,房地(土地+建物)+車位,東峰段1~30地號,8.83,商,,,1040503,土地1建物1車位1,八層,22,住宅大樓(11層含以上有電梯),住家用,鋼筋混凝土造,,119.78,3,2,2,有,無,10400000,88454,坡道機械,12.38,900000,,RPRTNLNKOHLFFBB48CB
北屯區,房地(土地+建物)+車位,東峰段1~30地號,9.01,商,,,1031109,土地1建物1車位1,十八層,22,住宅大樓(11層含以上有電梯),住家用,鋼筋混凝土造,,121.15,3,2,2,有,無,12620000,114929,升降平面,24.83,1550000,,RPSTNLNKOHLFFBB58CB
北屯區,房地(土地+建物),東峰段1~30地號,6.0,商,,,1030427,土地1建物1車位0,十九層,22,住宅大樓(11層含以上有電梯),住家用,鋼筋混凝土造,,81.64,2,2,1,有,無,7270000,89049,,0.0,0,,RPTTNLNKOHLFFBB68CB
北屯區,房地(土地+建物)+車位,東峰段1~30地號,9.71,商,,,1030705,土地1建物1車位1,十五層,22,住宅大樓(11層含以上有電梯),住家用,鋼筋混凝土造,,132.27,3,2,2,有,無,13040000,106943,坡道平面,24.83,1550000,,RPUTNLNKOHLFFBB78CB
北屯區,房地(土地+建物)+車位,東峰段1~30地號,9.01,商,,,1030715,土地1建物1車位1,十一層,22,住宅大樓(11層含以上有電梯),住家用,鋼筋混凝土造,,121.15,3,2,2,有,無,12120000,106605,坡道平面,21.53,1500000,,RPVTNLNKOHLFFBB88CB
北屯區,房地(土地+建物),東峰段1~30地號,6.0,商,,,1030510,土地1建物1車位0,四層,22,住宅大樓(11層含以上有電梯),住家用,鋼筋混凝土造,,81.64,2,2,1,有,無,5990000,73371,,0.0,0,,RPWTNLNKOHLFFBB98CB
北屯區,房地(土地+建物)+車位,東峰段1~30地號,9.71,商,,,1040425,土地1建物1車位1,十九層,22,住宅大樓(11層含以上有電梯),住家用,鋼筋混凝土造,,132.27,3,2,2,有,無,12790000,104151,坡道平面,24.83,1600000,,RPXTNLNKOHLFFBB09CB
北屯區,房地(土地+建物),東峰段1~30地號,6.0,商,,,1030617,土地1建物1車位0,十七層,22,住宅大樓(11層含以上有電梯),住家用,鋼筋混凝土造,,81.64,2,2,1,有,無,7200000,88192,,0.0,0,,RPOUNLNKOHLFFBB28CB
北屯區,房地(土地+建物)+車位,東峰段1~30地號,9.71,商,,,1030419,土地1建物1車位1,十七層,22,住宅大樓(11層含以上有電梯),住家用,鋼筋混凝土造,,132.27,3,2,2,有,無,13020000,103124,坡道平面,21.53,1600000,,RPPUNLNKOHLFFBB38CB
北屯區,房地(土地+建物),東峰段1~30地號,6.53,商,,,1030518,土地1建物1車位0,十五層,22,住宅大樓(11層含以上有電梯),住家用,鋼筋混凝土造,,88.57,2,2,1,有,無,7720000,87163,,0.0,0,,RPQUNLNKOHLFFBB48CB
北屯區,房地(土地+建物),東峰段1~30地號,6.0,商,,,1030627,土地1建物1車位0,十層,22,住宅大樓(11層含以上有電梯),住家用,鋼筋混凝土造,,81.64,2,2,1,有,無,7050000,86355,,0.0,0,,RPRUNLNKOHLFFBB58CB
北屯區,房地(土地+建物)+車位,東峰段1~30地號,9.71,商,,,1030510,土地1建物1車位1,二層,22,住宅大樓(11層含以上有電梯),住家用,鋼筋混凝土造,,130.41,3,2,2,有,無,11140000,89411,坡道平面,24.83,1700000,,RPSUNLNKOHLFFBB68CB
北屯區,房地(土地+建物),東峰段1~30地號,6.53,商,,,1030720,土地1建物1車位0,七層,22,住宅大樓(11層含以上有電梯),住家用,鋼筋混凝土造,,88.57,2,2,1,有,無,7670000,86598,,0.0,0,,RPTUNLNKOHLFFBB78CB
北屯區,房地(土地+建物)+車位,東峰段1~30地號,9.71,商,,,1030419,土地1建物1車位1,十五層,22,住宅大樓(11層含以上有電梯),住家用,鋼筋混凝土造,,132.27,3,2,2,有,無,12840000,101499,坡道平面,21.53,1600000,,RPUUNLNKOHLFFBB88CB
北屯區,房地(土地+建物)+車位,東峰段1~30地號,8.83,商,,,1030421,土地1建物1車位1,三層,22,住宅大樓(11層含以上有電梯),住家用,鋼筋混凝土造,,119.78,3,2,2,有,無,10890000,97841,坡道平面,24.83,1600000,,RPVUNLNKOHLFFBB98CB
北屯區,房地(土地+建物)+車位,東峰段1~30地號,8.83,商,,,1031115,土地1建物1車位1,十二層,22,住宅大樓(11層含以上有電梯),住家用,鋼筋混凝土造,,119.78,3,2,2,有,無,12000000,106361,坡道平面,21.53,1550000,,RPWUNLNKOHLFFBB09CB
北屯區,房地(土地+建物),東峰段1~30地號,6.0,商,,,1030620,土地1建物1車位0,十五層,22,住宅大樓(11層含以上有電梯),住家用,鋼筋混凝土造,,81.64,2,2,1,有,無,7030000,86110,,0.0,0,,RPXUNLNKOHLFFBB56CB
北屯區,房地(土地+建物)+車位,東峰段1~30地號,9.71,商,,,1030524,土地1建物1車位1,十四層,22,住宅大樓(11層含以上有電梯),住家用,鋼筋混凝土造,,132.27,3,2,2,有,無,12240000,100894,坡道平面,24.83,1400000,,RPOVNLNKOHLFFBB38CB
北屯區,房地(土地+建物)+車位,東峰段1~30地號,9.01,商,,,1030524,土地1建物1車位1,十四層,22,住宅大樓(11層含以上有電梯),住家用,鋼筋混凝土造,,121.15,3,2,2,有,無,11630000,106208,坡道平面,24.83,1400000,,RPPVNLNKOHLFFBB48CB
北屯區,房地(土地+建物)+車位,東峰段1~30地號,9.71,商,,,1041019,土地1建物1車位1,四層,22,住宅大樓(11層含以上有電梯),住家用,鋼筋混凝土造,,132.26,3,2,2,有,無,9970000,76944,坡道平面,21.53,1450000,,RPQVNLNKOHLFFBB58CB
北屯區,房地(土地+建物),東峰段1~30地號,6.0,商,,,1030628,土地1建物1車位0,八層,22,住宅大樓(11層含以上有電梯),住家用,鋼筋混凝土造,,81.64,2,2,1,有,無,6970000,85375,,0.0,0,,RPRVNLNKOHLFFBB68CB
北屯區,房地(土地+建物),東峰段1~30地號,6.0,商,,,1030420,土地1建物1車位0,十八層,22,住宅大樓(11層含以上有電梯),住家用,鋼筋混凝土造,,81.64,2,2,1,有,無,7130000,87335,,0.0,0,,RPSVNLNKOHLFFBB78CB
北屯區,房地(土地+建物)+車位,東峰段1~30地號,9.71,商,,,1041107,土地1建物1車位1,三層,22,住宅大樓(11層含以上有電梯),住家用,鋼筋混凝土造,,132.26,3,2,2,有,無,9240000,69570,坡道機械,12.38,900000,,RPTVNLNKOHLFFBB88CB
北屯區,房地(土地+建物)+車位,東峰段1~30地號,8.83,商,,,1040103,土地1建物1車位1,十二層,22,住宅大樓(11層含以上有電梯),住家用,鋼筋混凝土造,,119.78,3,2,2,有,無,11950000,106361,坡道平面,21.53,1500000,,RPUVNLNKOHLFFBB98CB
北屯區,房地(土地+建物)+車位,東峰段1~30地號,8.83,商,,,1030606,土地1建物1車位1,四層,22,住宅大樓(11層含以上有電梯),住家用,鋼筋混凝土造,,119.78,3,2,2,有,無,10920000,89106,坡道平面,12.38,1350000,,RPVVNLNKOHLFFBB09CB
北屯區,房地(土地+建物),東峰段1~30地號,6.0,商,,,1030511,土地1建物1車位0,十九層,22,住宅大樓(11層含以上有電梯),住家用,鋼筋混凝土造,,81.64,2,2,1,有,無,7250000,88805,,0.0,0,,RPWVNLNKOHLFFBB56CB
北屯區,房地(土地+建物),東峰段1~30地號,6.0,商,,,1030530,土地1建物1車位0,二十一層,22,住宅大樓(11層含以上有電梯),住家用,鋼筋混凝土造,,81.64,2,2,1,有,無,7590000,92969,,0.0,0,,RPXVNLNKOHLFFBB66CB
北屯區,房地(土地+建物)+車位,東峰段1~30地號,6.53,商,,,1030413,土地1建物1車位1,十二層,22,住宅大樓(11層含以上有電梯),住家用,鋼筋混凝土造,,89.03,2,2,1,有,無,8320000,96804,升降機械,12.38,900000,,RPOWNLNKOHLFFBB48CB
北屯區,房地(土地+建物),東峰段1~30地號,6.0,商,,,1030413,土地1建物1車位0,十七層,22,住宅大樓(11層含以上有電梯),住家用,鋼筋混凝土造,,81.64,2,2,1,有,無,8420000,103136,,0.0,0,,RPPWNLNKOHLFFBB58CB
北屯區,房地(土地+建物),東峰段1~30地號,6.0,商,,,1030426,土地1建物1車位0,二十一層,22,住宅大樓(11層含以上有電梯),住家用,鋼筋混凝土造,,81.64,2,2,1,有,無,7450000,91254,,0.0,0,,RPQWNLNKOHLFFBB68CB
北屯區,房地(土地+建物),東峰段1~30地號,6.0,商,,,1030718,土地1建物1車位0,九層,22,住宅大樓(11層含以上有電梯),住家用,鋼筋混凝土造,,81.64,2,2,1,有,無,7000000,85742,,0.0,0,,RPRWNLNKOHLFFBB78CB
北屯區,房地(土地+建物),東峰段1~30地號,6.53,商,,,1030712,土地1建物1車位0,四層,22,住宅大樓(11層含以上有電梯),住家用,鋼筋混凝土造,,89.03,2,2,1,有,無,7310000,82107,,0.0,0,,RPSWNLNKOHLFFBB88CB
北屯區,房地(土地+建物)+車位,東峰段1~30地號,9.71,商,,,1030719,土地1建物1車位1,十二層,22,住宅大樓(11層含以上有電梯),住家用,鋼筋混凝土造,,132.27,3,2,2,有,無,13020000,105382,坡道平面,21.53,1350000,,RPTWNLNKOHLFFBB98CB
北屯區,房地(土地+建物),東峰段1~30地號,6.0,商,,,1030413,土地1建物1車位0,十二層,22,住宅大樓(11層含以上有電梯),住家用,鋼筋混凝土造,,81.64,2,2,1,有,無,6750000,82680,,0.0,0,,RPUWNLNKOHLFFBB09CB
北屯區,房地(土地+建物),東峰段1~30地號,6.0,商,,,1030517,土地1建物1車位0,十四層,22,住宅大樓(11層含以上有電梯),住家用,鋼筋混凝土造,,90.84,2,2,1,有,無,7420000,81682,,0.0,0,,RPVWNLNKOHLFFBB56CB
北屯區,房地(土地+建物)+車位,東峰段1~30地號,9.01,商,,,1030620,土地1建物1車位1,六層,22,住宅大樓(11層含以上有電梯),住家用,鋼筋混凝土造,,121.15,3,2,2,有,無,11750000,105897,坡道平面,24.83,1550000,,RPWWNLNKOHLFFBB66CB
北屯區,房地(土地+建物)+車位,東峰段1~30地號,8.83,商,,,1030605,土地1建物1車位1,二層,22,住宅大樓(11層含以上有電梯),住家用,鋼筋混凝土造,,119.78,3,2,2,有,無,10660000,92723,坡道平面,21.53,1550000,,RPXWNLNKOHLFFBB76CB
北屯區,房地(土地+建物),東峰段1~30地號,6.0,商,,,1030517,土地1建物1車位0,十六層,22,住宅大樓(11層含以上有電梯),住家用,鋼筋混凝土造,,81.64,2,2,1,有,無,7000000,85742,,0.0,0,,RPONOLNKOHLFFBB67CB
北屯區,房地(土地+建物)+車位,東峰段1~30地號,8.83,商,,,1031123,土地1建物1車位1,五層,22,住宅大樓(11層含以上有電梯),住家用,鋼筋混凝土造,,119.78,3,2,2,有,無,10560000,92737,坡道機械,12.38,600000,,RPPNOLNKOHLFFBB77CB
北屯區,房地(土地+建物)+車位,東峰段1~30地號,9.71,商,,,1040125,土地1建物1車位1,九層,22,住宅大樓(11層含以上有電梯),住家用,鋼筋混凝土造,,132.27,3,2,2,有,無,12500000,101452,坡道平面,24.83,1600000,,RPQNOLNKOHLFFBB87CB
北屯區,房地(土地+建物),東峰段1~30地號,6.0,商,,,1030511,土地1建物1車位0,五層,22,住宅大樓(11層含以上有電梯),住家用,鋼筋混凝土造,,81.64,2,2,1,有,無,6360000,77903,,0.0,0,,RPRNOLNKOHLFFBB97CB
北屯區,房地(土地+建物),東峰段1~30地號,6.0,商,,,1030427,土地1建物1車位0,十五層,22,住宅大樓(11層含以上有電梯),住家用,鋼筋混凝土造,,81.65,2,2,1,有,無,6910000,84630,,0.0,0,,RPSNOLNKOHLFFBB08CB
北屯區,房地(土地+建物),東峰段1~30地號,6.0,商,,,1030530,土地1建物1車位0,六層,22,住宅大樓(11層含以上有電梯),住家用,鋼筋混凝土造,,81.64,2,2,1,有,無,6550000,80230,,0.0,0,,RPTNOLNKOHLFFBB18CB
北屯區,房地(土地+建物),東峰段1~30地號,6.53,商,,,1030901,土地1建物1車位0,二十層,22,住宅大樓(11層含以上有電梯),住家用,鋼筋混凝土造,,88.57,2,2,1,有,無,8420000,95066,,0.0,0,,RPUNOLNKOHLFFBB28CB
北屯區,房地(土地+建物)+車位,東峰段1~30地號,8.83,商,,,1031109,土地1建物1車位1,十三層,22,住宅大樓(11層含以上有電梯),住家用,鋼筋混凝土造,,119.78,3,2,2,有,無,11950000,107888,坡道平面,21.53,1350000,,RPVNOLNKOHLFFBB38CB
北屯區,房地(土地+建物)+車位,東峰段1~30地號,8.83,商,,,1030622,土地1建物1車位1,五層,22,住宅大樓(11層含以上有電梯),住家用,鋼筋混凝土造,,119.78,3,2,2,有,無,11500000,106372,坡道平面,24.83,1400000,,RPWNOLNKOHLFFBB48CB
北屯區,房地(土地+建物),東峰段1~30地號,6.0,商,,,1030530,土地1建物1車位0,五層,22,住宅大樓(11層含以上有電梯),住家用,鋼筋混凝土造,,81.64,2,2,1,有,無,6380000,78148,,0.0,0,,RPXNOLNKOHLFFBB58CB
北屯區,房地(土地+建物)+車位,東峰段1~30地號,9.54,商,,,1030712,土地1建物1車位1,十二層,22,住宅大樓(11層含以上有電梯),住家用,鋼筋混凝土造,,129.95,3,2,2,有,無,13070000,109113,坡道平面,24.83,1600000,,RPOOOLNKOHLFFBB77CB
北屯區,房地(土地+建物)+車位,東峰段1~30地號,9.71,商,,,1030525,土地1建物1車位1,十四層,22,住宅大樓(11層含以上有電梯),住家用,鋼筋混凝土造,,132.27,3,2,2,有,無,12270000,101173,坡道平面,24.83,1400000,,RPPOOLNKOHLFFBB87CB
北屯區,房地(土地+建物)+車位,東峰段1~30地號,8.83,商,,,1040521,土地1建物1車位1,十九層,22,住宅大樓(11層含以上有電梯),住家用,鋼筋混凝土造,,119.78,3,2,2,有,無,11970000,106056,坡道平面,21.53,1550000,,RPQOOLNKOHLFFBB97CB
北屯區,房地(土地+建物)+車位,東峰段1~30地號,8.83,商,,,1040425,土地1建物1車位1,十五層,22,住宅大樓(11層含以上有電梯),住家用,鋼筋混凝土造,,119.78,3,2,2,有,無,11200000,101632,坡道平面,24.83,1550000,,RPROOLNKOHLFFBB08CB
北屯區,房地(土地+建物),東峰段1~30地號,6.0,商,,,1030419,土地1建物1車位0,二層,22,住宅大樓(11層含以上有電梯),住家用,鋼筋混凝土造,,80.7,2,2,1,有,無,5820000,72119,,0.0,0,,RPSOOLNKOHLFFBB18CB
北屯區,房地(土地+建物)+車位,東峰段1~30地號,8.83,商,,,1031116,土地1建物1車位1,十八層,22,住宅大樓(11層含以上有電梯),住家用,鋼筋混凝土造,,119.78,3,2,2,有,無,12500000,113744,坡道平面,24.83,1700000,,RPTOOLNKOHLFFBB28CB
北屯區,房地(土地+建物),東峰段1~30地號,6.0,商,,,1030801,土地1建物1車位0,三層,22,住宅大樓(11層含以上有電梯),住家用,鋼筋混凝土造,,81.64,2,2,1,有,無,6160000,75453,,0.0,0,,RPUOOLNKOHLFFBB38CB
北屯區,房地(土地+建物),東峰段1~30地號,6.0,商,,,1030427,土地1建物1車位0,十二層,22,住宅大樓(11層含以上有電梯),住家用,鋼筋混凝土造,,81.64,2,2,1,有,無,6880000,84272,,0.0,0,,RPVOOLNKOHLFFBB48CB
北屯區,房地(土地+建物),東峰段1~30地號,6.0,商,,,1030426,土地1建物1車位0,十三層,22,住宅大樓(11層含以上有電梯),住家用,鋼筋混凝土造,,81.64,2,2,1,有,無,6880000,84272,,0.0,0,,RPWOOLNKOHLFFBB58CB
北屯區,房地(土地+建物)+車位,東峰段1~30地號,8.83,商,,,1030518,土地1建物1車位1,十一層,22,住宅大樓(11層含以上有電梯),住家用,鋼筋混凝土造,,119.78,3,2,2,有,無,11910000,107530,坡道平面,24.83,1700000,,RPXOOLNKOHLFFBB68CB
北屯區,房地(土地+建物)+車位,東峰段1~30地號,9.71,商,,,1031108,土地1建物1車位1,十八層,22,住宅大樓(11層含以上有電梯),住家用,鋼筋混凝土造,,132.27,3,2,2,有,無,13380000,107278,坡道平面,21.53,1500000,,RPOPOLNKOHLFFBB87CB
北屯區,房地(土地+建物)+車位,東峰段1~30地號,9.01,商,,,1030705,土地1建物1車位1,十五層,22,住宅大樓(11層含以上有電梯),住家用,鋼筋混凝土造,,121.15,3,2,2,有,無,12300000,111607,坡道平面,24.83,1550000,,RPPPOLNKOHLFFBB97CB
北屯區,房地(土地+建物)+車位,東峰段1~30地號,8.83,商,,,1040606,土地1建物1車位1,十三層,22,住宅大樓(11層含以上有電梯),住家用,鋼筋混凝土造,,119.78,3,2,2,有,無,11100000,100579,坡道平面,24.83,1550000,,RPQPOLNKOHLFFBB08CB
北屯區,房地(土地+建物)+車位,東峰段1~30地號,9.54,商,,,1030608,土地1建物1車位1,三層,22,住宅大樓(11層含以上有電梯),住家用,鋼筋混凝土造,,129.95,3,2,2,有,無,11680000,93433,坡道平面,21.53,1550000,,RPRPOLNKOHLFFBB18CB
北屯區,房地(土地+建物),東峰段1~30地號,6.0,商,,,1030705,土地1建物1車位0,十層,22,住宅大樓(11層含以上有電梯),住家用,鋼筋混凝土造,,81.64,2,2,1,有,無,7070000,86600,,0.0,0,,RPSPOLNKOHLFFBB28CB
北屯區,房地(土地+建物),東峰段1~30地號,6.53,商,,,1030529,土地1建物1車位0,十八層,22,住宅大樓(11層含以上有電梯),住家用,鋼筋混凝土造,,88.57,2,2,1,有,無,8230000,92921,,0.0,0,,RPTPOLNKOHLFFBB38CB
北屯區,房地(土地+建物)+車位,東峰段1~30地號,8.83,商,,,1040512,土地1建物1車位1,二十層,22,住宅大樓(11層含以上有電梯),住家用,鋼筋混凝土造,,119.78,3,2,2,有,無,11970000,106056,坡道平面,21.53,1550000,,RPUPOLNKOHLFFBB48CB
北屯區,房地(土地+建物),東峰段1~30地號,6.53,商,,,1030726,土地1建物1車位0,九層,22,住宅大樓(11層含以上有電梯),住家用,鋼筋混凝土造,,89.03,3,2,2,有,無,7760000,87162,,0.0,0,,RPWPOLNKOHLFFBB68CB
北屯區,房地(土地+建物),東峰段1~30地號,6.0,商,,,1030530,土地1建物1車位0,四層,22,住宅大樓(11層含以上有電梯),住家用,鋼筋混凝土造,,81.64,2,2,1,有,無,6040000,73983,,0.0,0,,RPXPOLNKOHLFFBB78CB
北屯區,房地(土地+建物)+車位,東峰段1~30地號,9.71,商,,,1030620,土地1建物1車位1,六層,22,住宅大樓(11層含以上有電梯),住家用,鋼筋混凝土造,,132.27,3,2,2,有,無,12360000,99218,坡道平面,24.83,1700000,,RPOQOLNKOHLFFBB97CB
北屯區,房地(土地+建物)+車位,東峰段1~30地號,9.01,商,,,1030613,土地1建物1車位1,三層,22,住宅大樓(11層含以上有電梯),住家用,鋼筋混凝土造,,121.15,3,2,2,有,無,10010000,86513,升降機械,12.38,600000,,RPPQOLNKOHLFFBB08CB
北屯區,房地(土地+建物)+車位,東峰段1~30地號,8.83,商,,,1031211,土地1建物1車位1,九層,22,住宅大樓(11層含以上有電梯),住家用,鋼筋混凝土造,,119.78,3,2,2,有,無,11050000,94507,坡道機械,12.38,900000,,RPQQOLNKOHLFFBB18CB
北屯區,房地(土地+建物),東峰段1~30地號,6.53,商,,,1030810,土地1建物1車位0,十九層,22,住宅大樓(11層含以上有電梯),住家用,鋼筋混凝土造,,89.03,2,2,1,有,無,8380000,94126,,0.0,0,,RPRQOLNKOHLFFBB28CB
北屯區,房地(土地+建物)+車位,東峰段1~30地號,9.71,商,,,1030827,土地1建物1車位1,十九層,22,住宅大樓(11層含以上有電梯),住家用,鋼筋混凝土造,,132.27,3,2,2,有,無,13650000,112156,坡道平面,24.83,1600000,,RPSQOLNKOHLFFBB38CB
北屯區,房地(土地+建物),東峰段1~30地號,6.53,住,,,1030518,土地1建物1車位0,五層,22,住宅大樓(11層含以上有電梯),住家用,鋼筋混凝土造,,88.57,2,2,1,有,無,7130000,80501,,0.0,0,,RPUQOLNKOHLFFBB58CB
太平區,房地(土地+建物)+車位,新興段151~180地號,18.35,住,,,1040629,土地1建物1車位1,七層,12,住宅大樓(11層含以上有電梯),住家用,鋼筋混凝土造,,131.52,3,1,2,有,無,6800000,50774,坡道機械,9.41,600000,,RPUNMLNLOHLFFHL17CB
太平區,房地(土地+建物)+車位,新興段151~180地號,18.66,住,,,1040702,土地1建物1車位1,八層,12,住宅大樓(11層含以上有電梯),住家用,鋼筋混凝土造,,143.35,3,1,2,有,無,7200000,49136,坡道平面,21.24,1200000,,RPVNMLNLOHLFFHL27CB
太平區,房地(土地+建物)+車位,新興段151~180地號,18.66,住,,,1040618,土地1建物1車位1,九層,12,住宅大樓(11層含以上有電梯),住家用,鋼筋混凝土造,,143.35,3,1,2,有,無,7200000,49136,坡道平面,21.24,1200000,,RPWNMLNLOHLFFHL37CB
太平區,房地(土地+建物)+車位,新興段151~180地號,18.35,住,,,1040702,土地1建物1車位1,十層,12,住宅大樓(11層含以上有電梯),住家用,鋼筋混凝土造,,131.52,3,1,2,有,無,6870000,51347,坡道機械,9.41,600000,,RPXNMLNLOHLFFHL47CB
