﻿鄉鎮市區,交易標的,土地區段位置建物區段門牌,土地移轉總面積平方公尺,都市土地使用分區,非都市土地使用分區,非都市土地使用編定,交易年月日,交易筆棟數,移轉層次,總樓層數,建物型態,主要用途,主要建材,建築完成年月,建物移轉總面積平方公尺,建物現況格局-房,建物現況格局-廳,建物現況格局-衛,建物現況格局-隔間,有無管理組織,總價元,單價元平方公尺,車位類別,車位移轉總面積平方公尺,車位總價元,備註,編號
The villages and towns urban district,transaction sign,land sector position building sector house number plate,land shifting total area square meter,the use zoning or compiles and checks,the non-metropolis land use district,non-metropolis land use,transaction year month and day,transaction pen number,shifting level,total floor number,building state,main use,main building materials,construction to complete the years,building shifting total area,Building present situation pattern - room,building present situation pattern - hall,building present situation pattern - health,building present situation pattern - compartmented,Whether there is manages the organization,total price NTD,the unit price (NTD / square meter),the berth category,berth shifting total area square meter,the berth total price NTD,the note,serial number
太平區,房地(土地+建物)+車位,育賢段181~210地號,0.1,住,,,1040408,土地1建物1車位1,十四層,15,住宅大樓(11層含以上有電梯),住家用,鋼筋混凝土造,,130.98,3,2,2,有,無,8200000,70621,坡道平面,31.86,1200000,,RPVNMLSJOHNFFJB96CB
太平區,房地(土地+建物)+車位,育賢段181~210地號,0.1,住,,,1040118,土地1建物1車位1,三層,13,住宅大樓(11層含以上有電梯),住家用,鋼筋混凝土造,,131.59,3,2,2,有,無,7330000,63471,坡道平面,31.86,1000000,,RPWNMLSJOHNFFJB07CB
太平區,房地(土地+建物)+車位,育賢段181~210地號,0.1,住,,,1050503,土地1建物1車位1,十層,15,住宅大樓(11層含以上有電梯),住家用,鋼筋混凝土造,,130.98,3,2,2,有,無,7800000,66212,坡道平面,29.79,1100000,,RPXNMLSJOHNFFJB17CB
太平區,房地(土地+建物)+車位,育賢段181~210地號,0.1,住,,,1040328,土地1建物1車位1,十層,15,住宅大樓(11層含以上有電梯),住家用,鋼筋混凝土造,,128.75,3,2,2,有,無,7550000,67602,坡道平面,31.86,1000000,,RPOOMLSJOHNFFJB98CB
太平區,房地(土地+建物)+車位,育賢段181~210地號,0.1,住,,,1040118,土地1建物1車位1,五層,15,住宅大樓(11層含以上有電梯),住家用,鋼筋混凝土造,,128.75,3,2,2,有,無,7300000,65022,坡道平面,31.86,1000000,,RPQOMLSJOHNFFJB56CB
太平區,房地(土地+建物)+車位,育賢段181~210地號,0.1,住,,,1050507,土地1建物1車位1,十層,13,住宅大樓(11層含以上有電梯),住家用,鋼筋混凝土造,,131.9,3,2,2,有,無,7600000,64474,坡道平面,31.86,1150000,,RPROMLSJOHNFFJB66CB
太平區,房地(土地+建物)+車位,育賢段181~210地號,0.15,住,,,1051226,土地1建物1車位1,十層,15,住宅大樓(11層含以上有電梯),住家用,鋼筋混凝土造,,158.0,4,2,2,有,無,9000000,61836,坡道平面,31.86,1200000,,RPSOMLSJOHNFFJB76CB
太平區,房地(土地+建物)+車位,育賢段181~210地號,0.15,住,,,1040317,土地1建物1車位2,十一層,15,住宅大樓(11層含以上有電梯),住家用,鋼筋混凝土造,,157.06,4,2,2,有,無,9920000,84851,坡道平面,63.72,2000000,,RPTOMLSJOHNFFJB86CB
太平區,房地(土地+建物)+車位,育賢段181~210地號,0.1,住,,,1040201,土地1建物1車位1,七層,15,住宅大樓(11層含以上有電梯),住家用,鋼筋混凝土造,,131.17,3,2,2,有,無,8200000,70990,坡道平面,31.86,1150000,,RPUOMLSJOHNFFJB96CB
太平區,房地(土地+建物)+車位,育賢段181~210地號,0.1,住,,,1050726,土地1建物1車位1,十四層,15,住宅大樓(11層含以上有電梯),住家用,鋼筋混凝土造,,131.17,3,2,2,有,無,7400000,64445,坡道平面,31.86,1000000,,RPWOMLSJOHNFFJB17CB
太平區,房地(土地+建物)+車位,育賢段181~210地號,0.1,住,,,1040820,土地1建物1車位1,十一層,15,住宅大樓(11層含以上有電梯),住家用,鋼筋混凝土造,,130.94,3,2,2,有,無,7650000,65604,坡道平面,31.86,1150000,,RPXOMLSJOHNFFJB27CB
太平區,房地(土地+建物)+車位,育賢段181~210地號,0.1,住,,,1040428,土地1建物1車位2,十二層,15,住宅大樓(11層含以上有電梯),住家用,鋼筋混凝土造,,130.98,3,2,2,有,無,8780000,95599,坡道平面,63.72,2350000,,RPOPMLSJOHNFFJB09CB
太平區,房地(土地+建物)+車位,育賢段181~210地號,0.1,住,,,1040131,土地1建物1車位1,三層,15,住宅大樓(11層含以上有電梯),住家用,鋼筋混凝土造,,130.94,3,2,2,有,無,7070000,61264,坡道平面,31.86,1000000,,RPPPMLSJOHNFFJB56CB
太平區,房地(土地+建物)+車位,育賢段181~210地號,0.15,住,,,1050131,土地1建物1車位2,四層,15,住宅大樓(11層含以上有電梯),住家用,鋼筋混凝土造,,158.0,4,2,2,有,無,9920000,79762,坡道平面,63.72,2400000,,RPQPMLSJOHNFFJB66CB
太平區,房地(土地+建物)+車位,育賢段181~210地號,0.15,住,,,1040516,土地1建物1車位2,八層,15,住宅大樓(11層含以上有電梯),住家用,鋼筋混凝土造,,157.06,4,2,2,有,無,10300000,85708,坡道平面,63.72,2300000,,RPRPMLSJOHNFFJB76CB
太平區,房地(土地+建物)+車位,育賢段181~210地號,0.1,住,,,1040121,土地1建物1車位1,五層,13,住宅大樓(11層含以上有電梯),住家用,鋼筋混凝土造,,131.59,3,2,2,有,無,7550000,65677,坡道平面,31.86,1000000,,RPSPMLSJOHNFFJB86CB
太平區,房地(土地+建物)+車位,育賢段181~210地號,0.1,住,,,1040118,土地1建物1車位1,八層,13,住宅大樓(11層含以上有電梯),住家用,鋼筋混凝土造,,131.9,3,2,2,有,無,8050000,70472,坡道平面,31.86,1000000,,RPTPMLSJOHNFFJB96CB
太平區,房地(土地+建物)+車位,育賢段181~210地號,0.1,住,,,1040118,土地1建物1車位1,八層,13,住宅大樓(11層含以上有電梯),住家用,鋼筋混凝土造,,131.9,3,2,2,有,無,8050000,70472,坡道平面,31.86,1000000,,RPUPMLSJOHNFFJB07CB
太平區,房地(土地+建物)+車位,育賢段181~210地號,0.15,住,,,1041121,土地1建物1車位1,六層,15,住宅大樓(11層含以上有電梯),住家用,鋼筋混凝土造,,158.0,4,2,2,有,無,9280000,64452,坡道平面,31.86,1150000,,RPVPMLSJOHNFFJB17CB
太平區,房地(土地+建物)+車位,育賢段181~210地號,0.1,住,,,1040520,土地1建物1車位1,五層,15,住宅大樓(11層含以上有電梯),住家用,鋼筋混凝土造,,131.17,3,2,2,有,無,8080000,68850,坡道平面,29.79,1100000,,RPXPMLSJOHNFFJB37CB
太平區,房地(土地+建物)+車位,育賢段181~210地號,0.15,住,,,1040328,土地1建物1車位1,三層,15,住宅大樓(11層含以上有電梯),住家用,鋼筋混凝土造,,157.06,4,2,2,有,無,8880000,61741,坡道平面,31.86,1150000,,RPOQMLSJOHNFFJB56CB
太平區,房地(土地+建物)+車位,育賢段181~210地號,0.1,住,,,1040404,土地1建物1車位1,三層,15,住宅大樓(11層含以上有電梯),住家用,鋼筋混凝土造,,132.07,3,2,2,有,無,7200000,61870,坡道平面,31.86,1000000,,RPPQMLSJOHNFFJB66CB
太平區,房地(土地+建物)+車位,育賢段181~210地號,0.1,住,,,1040215,土地1建物1車位1,十一層,15,住宅大樓(11層含以上有電梯),住家用,鋼筋混凝土造,,128.75,3,2,2,有,無,7300000,65022,坡道平面,31.86,1000000,,RPQQMLSJOHNFFJB76CB
太平區,房地(土地+建物)+車位,育賢段181~210地號,0.1,住,,,1050710,土地1建物1車位1,六層,13,住宅大樓(11層含以上有電梯),住家用,鋼筋混凝土造,,131.59,3,2,2,有,無,7180000,60463,坡道平面,31.86,1150000,,RPRQMLSJOHNFFJB86CB
太平區,房地(土地+建物)+車位,育賢段181~210地號,0.1,住,,,1040205,土地1建物1車位1,九層,15,住宅大樓(11層含以上有電梯),住家用,鋼筋混凝土造,,128.75,3,2,2,有,無,7600000,68118,坡道平面,31.86,1000000,,RPSQMLSJOHNFFJB96CB
太平區,房地(土地+建物)+車位,育賢段181~210地號,0.1,住,,,1050512,土地1建物1車位2,六層,15,住宅大樓(11層含以上有電梯),住家用,鋼筋混凝土造,,131.17,3,2,2,有,無,8180000,87176,坡道平面,63.72,2300000,,RPTQMLSJOHNFFJB07CB
太平區,房地(土地+建物)+車位,育賢段181~210地號,0.1,住,,,1040118,土地1建物1車位1,四層,15,住宅大樓(11層含以上有電梯),住家用,鋼筋混凝土造,,128.75,3,2,2,有,無,7080000,62752,坡道平面,31.86,1000000,,RPWQMLSJOHNFFJB37CB
太平區,房地(土地+建物)+車位,育賢段181~210地號,0.1,住,,,1040118,土地1建物1車位1,二層,15,住宅大樓(11層含以上有電梯),住家用,鋼筋混凝土造,,131.17,3,2,2,有,無,6500000,55382,坡道平面,31.86,1000000,,RPXQMLSJOHNFFJB47CB
太平區,房地(土地+建物)+車位,育賢段181~210地號,0.15,住,,,1050521,土地1建物1車位2,四層,15,住宅大樓(11層含以上有電梯),住家用,鋼筋混凝土造,,157.06,4,2,2,有,無,8980000,74780,坡道平面,63.72,2000000,,RPORMLSJOHNFFJB66CB
太平區,房地(土地+建物)+車位,育賢段181~210地號,0.15,住,,,1050220,土地1建物1車位2,八層,15,住宅大樓(11層含以上有電梯),住家用,鋼筋混凝土造,,158.0,4,2,2,有,無,10120000,82944,坡道平面,63.72,2300000,,RPPRMLSJOHNFFJB76CB
太平區,房地(土地+建物)+車位,育賢段181~210地號,0.1,住,,,1051231,土地1建物1車位1,三層,15,住宅大樓(11層含以上有電梯),住家用,鋼筋混凝土造,,131.17,3,2,2,有,無,7250000,62934,坡道平面,31.86,1000000,,RPQRMLSJOHNFFJB86CB
太平區,房地(土地+建物)+車位,育賢段181~210地號,0.1,住,,,1051024,土地1建物1車位1,十一層,13,住宅大樓(11層含以上有電梯),住家用,鋼筋混凝土造,,131.9,3,2,2,有,無,7620000,66174,坡道平面,31.86,1000000,,RPRRMLSJOHNFFJB96CB
太平區,房地(土地+建物)+車位,育賢段181~210地號,0.1,住,,,1050822,土地1建物1車位1,十一層,15,住宅大樓(11層含以上有電梯),住家用,鋼筋混凝土造,,131.17,3,2,2,有,無,7970000,68674,坡道平面,31.86,1150000,,RPSRMLSJOHNFFJB07CB
太平區,房地(土地+建物)+車位,育賢段181~210地號,0.17,住,,,1041101,土地1建物1車位1,十三層,15,住宅大樓(11層含以上有電梯),住家用,鋼筋混凝土造,,168.66,4,2,2,有,無,10200000,66155,坡道平面,31.86,1150000,,RPTRMLSJOHNFFJB17CB
太平區,房地(土地+建物)+車位,育賢段181~210地號,0.1,住,,,1051008,土地1建物1車位1,十五層,15,住宅大樓(11層含以上有電梯),住家用,鋼筋混凝土造,,131.17,3,2,2,有,無,7700000,65955,坡道平面,31.86,1150000,,RPURMLSJOHNFFJB27CB
太平區,房地(土地+建物)+車位,育賢段181~210地號,0.1,住,,,1040409,土地1建物1車位1,四層,13,住宅大樓(11層含以上有電梯),住家用,鋼筋混凝土造,,131.59,3,2,2,有,無,7350000,62868,坡道平面,29.79,950000,,RPWRMLSJOHNFFJB47CB
太平區,房地(土地+建物)+車位,育賢段181~210地號,0.1,住,,,1051216,土地1建物1車位1,十一層,15,住宅大樓(11層含以上有電梯),住家用,鋼筋混凝土造,,128.74,3,2,2,有,無,7070000,61107,坡道平面,31.86,1150000,,RPXRMLSJOHNFFJB57CB
太平區,房地(土地+建物)+車位,育賢段181~210地號,0.1,住,,,1040403,土地1建物1車位1,六層,15,住宅大樓(11層含以上有電梯),住家用,鋼筋混凝土造,,131.92,3,2,2,有,無,7780000,67759,坡道平面,31.86,1000000,,RPOSMLSJOHNFFJB76CB
太平區,房地(土地+建物)+車位,育賢段181~210地號,0.1,住,,,1040118,土地1建物1車位1,八層,15,住宅大樓(11層含以上有電梯),住家用,鋼筋混凝土造,,128.75,3,2,2,有,無,8300000,99954,坡道平面,63.72,1800000,,RPPSMLSJOHNFFJB86CB
太平區,房地(土地+建物)+車位,育賢段181~210地號,0.1,住,,,1040301,土地1建物1車位1,六層,13,住宅大樓(11層含以上有電梯),住家用,鋼筋混凝土造,,131.9,3,2,2,有,無,7700000,66973,坡道平面,31.86,1000000,,RPQSMLSJOHNFFJB96CB
太平區,房地(土地+建物)+車位,育賢段181~210地號,0.1,住,,,1051218,土地1建物1車位1,十四層,15,住宅大樓(11層含以上有電梯),住家用,鋼筋混凝土造,,131.92,3,2,2,有,無,7600000,63962,坡道平面,31.86,1200000,,RPRSMLSJOHNFFJB07CB
太平區,房地(土地+建物)+車位,育賢段181~210地號,0.1,住,,,1051218,土地1建物1車位1,十四層,15,住宅大樓(11層含以上有電梯),住家用,鋼筋混凝土造,,131.92,3,2,2,有,無,7600000,63962,坡道平面,31.86,1200000,,RPSSMLSJOHNFFJB17CB
太平區,房地(土地+建物)+車位,育賢段181~210地號,0.15,住,,,1050304,土地1建物1車位1,十層,15,住宅大樓(11層含以上有電梯),住家用,鋼筋混凝土造,,157.06,4,2,2,有,無,9050000,63099,坡道平面,31.86,1150000,,RPUSMLSJOHNFFJB37CB
太平區,房地(土地+建物)+車位,育賢段181~210地號,0.1,住,,,1050705,土地1建物1車位1,十二層,15,住宅大樓(11層含以上有電梯),住家用,鋼筋混凝土造,,131.17,3,2,2,有,無,7560000,63227,坡道平面,29.79,1150000,,RPVSMLSJOHNFFJB47CB
太平區,房地(土地+建物)+車位,育賢段181~210地號,0.1,住,,,1040201,土地1建物1車位1,三層,13,住宅大樓(11層含以上有電梯),住家用,鋼筋混凝土造,,131.59,3,2,2,有,無,7250000,62669,坡道平面,31.86,1000000,,RPXSMLSJOHNFFJB67CB
太平區,房地(土地+建物)+車位,育賢段181~210地號,0.1,住,,,1051104,土地1建物1車位1,十一層,15,住宅大樓(11層含以上有電梯),住家用,鋼筋混凝土造,,130.98,3,2,2,有,無,7700000,65577,坡道平面,31.86,1200000,,RPOTMLSJOHNFFJB86CB
太平區,房地(土地+建物)+車位,育賢段181~210地號,0.15,住,,,1040118,土地1建物1車位2,七層,15,住宅大樓(11層含以上有電梯),住家用,鋼筋混凝土造,,157.06,4,2,2,有,無,10000000,85708,坡道平面,63.72,2000000,,RPPTMLSJOHNFFJB96CB
太平區,房地(土地+建物)+車位,育賢段181~210地號,0.1,住,,,1040118,土地1建物1車位1,七層,15,住宅大樓(11層含以上有電梯),住家用,鋼筋混凝土造,,128.75,3,2,2,有,無,7500000,67086,坡道平面,31.86,1000000,,RPQTMLSJOHNFFJB07CB
太平區,房地(土地+建物)+車位,育賢段181~210地號,0.1,住,,,1040313,土地1建物1車位1,四層,13,住宅大樓(11層含以上有電梯),住家用,鋼筋混凝土造,,131.59,3,2,2,有,無,7300000,63171,坡道平面,31.86,1000000,,RPRTMLSJOHNFFJB17CB
太平區,房地(土地+建物)+車位,育賢段181~210地號,0.1,住,,,1040121,土地1建物1車位1,六層,13,住宅大樓(11層含以上有電梯),住家用,鋼筋混凝土造,,131.9,3,2,2,有,無,8000000,68473,坡道平面,31.86,1150000,,RPSTMLSJOHNFFJB27CB
太平區,房地(土地+建物)+車位,育賢段181~210地號,0.1,住,,,1050605,土地1建物1車位1,七層,15,住宅大樓(11層含以上有電梯),住家用,鋼筋混凝土造,,131.92,3,2,2,有,無,7600000,64461,坡道平面,31.86,1150000,,RPUTMLSJOHNFFJB47CB
太平區,房地(土地+建物)+車位,育賢段181~210地號,0.1,住,,,1040615,土地1建物1車位1,八層,15,住宅大樓(11層含以上有電梯),住家用,鋼筋混凝土造,,132.07,3,2,2,有,無,7600000,65862,坡道平面,31.86,1000000,,RPVTMLSJOHNFFJB57CB
太平區,房地(土地+建物)+車位,育賢段181~210地號,0.1,住,,,1050717,土地1建物1車位1,十層,13,住宅大樓(11層含以上有電梯),住家用,鋼筋混凝土造,,131.9,3,2,2,有,無,7800000,66473,坡道平面,31.86,1150000,,RPWTMLSJOHNFFJB67CB
太平區,房地(土地+建物)+車位,育賢段181~210地號,0.1,住,,,1040122,土地1建物1車位2,二層,15,住宅大樓(11層含以上有電梯),住家用,鋼筋混凝土造,,130.94,3,2,2,有,無,7900000,87771,坡道平面,63.72,2000000,,RPXTMLSJOHNFFJB77CB
太平區,房地(土地+建物)+車位,育賢段181~210地號,0.1,住,,,1040302,土地1建物1車位2,七層,13,住宅大樓(11層含以上有電梯),住家用,鋼筋混凝土造,,131.59,3,2,2,有,無,8650000,93561,坡道平面,63.72,2300000,,RPOUMLSJOHNFFJB96CB
太平區,房地(土地+建物)+車位,育賢段181~210地號,0.1,住,,,1040302,土地1建物1車位1,七層,13,住宅大樓(11層含以上有電梯),住家用,鋼筋混凝土造,,131.59,3,2,2,有,無,7750000,66179,坡道平面,31.86,1150000,,RPPUMLSJOHNFFJB07CB
太平區,房地(土地+建物)+車位,育賢段181~210地號,0.1,住,,,1040201,土地1建物1車位1,十二層,15,住宅大樓(11層含以上有電梯),住家用,鋼筋混凝土造,,128.75,3,2,2,有,無,7250000,63662,坡道平面,29.79,950000,,RPQUMLSJOHNFFJB17CB
太平區,房地(土地+建物)+車位,育賢段181~210地號,0.1,住,,,1051116,土地1建物1車位1,十三層,15,住宅大樓(11層含以上有電梯),住家用,鋼筋混凝土造,,131.17,3,2,2,有,無,7630000,65250,坡道平面,31.86,1150000,,RPRUMLSJOHNFFJB27CB
太平區,房地(土地+建物)+車位,育賢段181~210地號,0.17,住,,,1040925,土地1建物1車位2,七層,15,住宅大樓(11層含以上有電梯),住家用,鋼筋混凝土造,,168.48,4,2,2,有,無,10680000,82856,坡道平面,63.72,2000000,,RPSUMLSJOHNFFJB37CB
太平區,房地(土地+建物)+車位,育賢段181~210地號,0.1,住,,,1050228,土地1建物1車位1,九層,15,住宅大樓(11層含以上有電梯),住家用,鋼筋混凝土造,,131.92,3,2,2,有,無,7860000,67060,坡道平面,31.86,1150000,,RPTUMLSJOHNFFJB47CB
太平區,房地(土地+建物)+車位,育賢段181~210地號,0.1,住,,,1040711,土地1建物1車位1,四層,15,住宅大樓(11層含以上有電梯),住家用,鋼筋混凝土造,,130.94,3,2,2,有,無,7350000,62576,坡道平面,31.86,1150000,,RPVUMLSJOHNFFJB67CB
太平區,房地(土地+建物)+車位,育賢段181~210地號,0.1,住,,,1040711,土地1建物1車位1,四層,15,住宅大樓(11層含以上有電梯),住家用,鋼筋混凝土造,,130.94,3,2,2,有,無,7350000,62576,坡道平面,31.86,1150000,,RPWUMLSJOHNFFJB77CB
太平區,房地(土地+建物)+車位,育賢段181~210地號,0.1,住,,,1050304,土地1建物1車位1,五層,15,住宅大樓(11層含以上有電梯),住家用,鋼筋混凝土造,,131.92,3,2,2,有,無,7500000,63462,坡道平面,31.86,1150000,,RPXUMLSJOHNFFJB87CB
太平區,房地(土地+建物)+車位,育賢段181~210地號,0.1,住,,,1040301,土地1建物1車位1,七層,13,住宅大樓(11層含以上有電梯),住家用,鋼筋混凝土造,,131.9,3,2,2,有,無,7900000,68972,坡道平面,31.86,1000000,,RPPVMLSJOHNFFJB17CB
太平區,房地(土地+建物)+車位,育賢段181~210地號,0.1,住,,,1040126,土地1建物1車位1,九層,15,住宅大樓(11層含以上有電梯),住家用,鋼筋混凝土造,,128.75,3,2,2,有,無,7450000,65683,坡道平面,29.79,950000,,RPQVMLSJOHNFFJB27CB
太平區,房地(土地+建物)+車位,育賢段181~210地號,0.1,住,,,1050319,土地1建物1車位1,六層,15,住宅大樓(11層含以上有電梯),住家用,鋼筋混凝土造,,131.17,3,2,2,有,無,7800000,66459,坡道平面,31.86,1200000,,RPRVMLSJOHNFFJB37CB
太平區,房地(土地+建物)+車位,育賢段181~210地號,0.1,住,,,1040202,土地1建物1車位1,十一層,15,住宅大樓(11層含以上有電梯),住家用,鋼筋混凝土造,,131.17,3,2,2,有,無,7750000,67969,坡道平面,31.86,1000000,,RPSVMLSJOHNFFJB47CB
太平區,房地(土地+建物)+車位,育賢段181~210地號,0.1,住,,,1040131,土地1建物1車位1,六層,15,住宅大樓(11層含以上有電梯),住家用,鋼筋混凝土造,,130.98,3,2,2,有,無,7950000,70117,坡道平面,31.86,1000000,,RPTVMLSJOHNFFJB57CB
太平區,房地(土地+建物)+車位,育賢段181~210地號,0.15,住,,,1040916,土地1建物1車位2,五層,15,住宅大樓(11層含以上有電梯),住家用,鋼筋混凝土造,,157.06,4,2,2,有,無,9980000,85494,坡道平面,63.72,2000000,,RPUVMLSJOHNFFJB67CB
太平區,房地(土地+建物)+車位,育賢段181~210地號,0.1,住,,,1040118,土地1建物1車位1,二層,15,住宅大樓(11層含以上有電梯),住家用,鋼筋混凝土造,,128.75,3,2,2,有,無,6300000,54701,坡道平面,31.86,1000000,,RPVVMLSJOHNFFJB77CB
太平區,房地(土地+建物)+車位,育賢段181~210地號,0.17,住,,,1050825,土地1建物1車位2,十一層,15,住宅大樓(11層含以上有電梯),住家用,鋼筋混凝土造,,168.66,4,2,2,有,無,10460000,77759,坡道平面,63.72,2300000,,RPXVMLSJOHNFFJB97CB
太平區,房地(土地+建物)+車位,育賢段181~210地號,0.1,住,,,1060101,土地1建物1車位1,十四層,15,住宅大樓(11層含以上有電梯),住家用,鋼筋混凝土造,,131.17,3,2,2,有,無,7660000,67063,坡道平面,31.86,1000000,,RPOWMLSJOHNFFJB17CB
太平區,房地(土地+建物)+車位,育賢段181~210地號,0.17,住,,,1040408,土地1建物1車位2,十四層,15,住宅大樓(11層含以上有電梯),住家用,鋼筋混凝土造,,168.48,4,2,2,有,無,11160000,83620,坡道平面,63.72,2400000,,RPPWMLSJOHNFFJB27CB
太平區,房地(土地+建物)+車位,育賢段181~210地號,0.1,住,,,1050924,土地1建物1車位2,十二層,13,住宅大樓(11層含以上有電梯),住家用,鋼筋混凝土造,,131.9,3,2,2,有,無,7880000,86242,坡道平面,63.72,2000000,,RPQWMLSJOHNFFJB37CB
太平區,房地(土地+建物)+車位,育賢段181~210地號,0.1,住,,,1040401,土地1建物1車位1,七層,15,住宅大樓(11層含以上有電梯),住家用,鋼筋混凝土造,,130.94,3,2,2,有,無,7850000,67622,坡道平面,31.86,1150000,,RPRWMLSJOHNFFJB47CB
太平區,房地(土地+建物)+車位,育賢段181~210地號,0.1,住,,,1040315,土地1建物1車位2,八層,15,住宅大樓(11層含以上有電梯),住家用,鋼筋混凝土造,,131.92,3,2,2,有,無,8600000,96774,坡道平面,63.72,2000000,,RPSWMLSJOHNFFJB57CB
太平區,房地(土地+建物)+車位,育賢段181~210地號,0.1,住,,,1040315,土地1建物1車位2,八層,15,住宅大樓(11層含以上有電梯),住家用,鋼筋混凝土造,,131.92,3,2,2,有,無,8600000,96774,坡道平面,63.72,2000000,,RPTWMLSJOHNFFJB67CB
太平區,房地(土地+建物)+車位,育賢段181~210地號,0.15,住,,,1051111,土地1建物1車位2,十三層,15,住宅大樓(11層含以上有電梯),住家用,鋼筋混凝土造,,158.0,4,2,2,有,無,9550000,76899,坡道平面,63.72,2300000,,RPUWMLSJOHNFFJB77CB
太平區,房地(土地+建物)+車位,育賢段181~210地號,0.1,住,,,1040118,土地1建物1車位1,八層,13,住宅大樓(11層含以上有電梯),住家用,鋼筋混凝土造,,131.59,3,2,2,有,無,7850000,67181,坡道平面,31.86,1150000,,RPVWMLSJOHNFFJB87CB
太平區,房地(土地+建物)+車位,育賢段181~210地號,0.1,住,,,1050911,土地1建物1車位1,十三層,15,住宅大樓(11層含以上有電梯),住家用,鋼筋混凝土造,,131.92,3,2,2,有,無,7650000,64961,坡道平面,31.86,1150000,,RPWWMLSJOHNFFJB97CB
太平區,房地(土地+建物)+車位,育賢段181~210地號,0.1,住,,,1041128,土地1建物1車位1,十三層,15,住宅大樓(11層含以上有電梯),住家用,鋼筋混凝土造,,130.98,3,2,2,有,無,8000000,69108,坡道平面,31.86,1150000,,RPPNNLSJOHNFFJB09CB
太平區,房地(土地+建物)+車位,育賢段181~210地號,0.15,住,,,1051008,土地1建物1車位2,五層,15,住宅大樓(11層含以上有電梯),住家用,鋼筋混凝土造,,158.0,4,2,2,有,無,8900000,73186,坡道平面,63.72,2000000,,RPQNNLSJOHNFFJB56CB
太平區,房地(土地+建物)+車位,育賢段181~210地號,0.1,住,,,1040711,土地1建物1車位1,五層,15,住宅大樓(11層含以上有電梯),住家用,鋼筋混凝土造,,130.94,3,2,2,有,無,7380000,64392,坡道平面,31.86,1000000,,RPRNNLSJOHNFFJB66CB
太平區,房地(土地+建物)+車位,育賢段181~210地號,0.1,住,,,1040531,土地1建物1車位1,十二層,15,住宅大樓(11層含以上有電梯),住家用,鋼筋混凝土造,,131.92,3,2,2,有,無,7900000,66960,坡道平面,31.86,1200000,,RPSNNLSJOHNFFJB76CB
太平區,房地(土地+建物)+車位,育賢段181~210地號,0.1,住,,,1040607,土地1建物1車位1,三層,13,住宅大樓(11層含以上有電梯),住家用,鋼筋混凝土造,,131.9,3,2,2,有,無,7150000,61475,坡道平面,31.86,1000000,,RPTNNLSJOHNFFJB86CB
太平區,房地(土地+建物)+車位,育賢段181~210地號,0.1,住,,,1040121,土地1建物1車位1,二層,13,住宅大樓(11層含以上有電梯),住家用,鋼筋混凝土造,,131.9,3,2,2,有,無,7370000,62175,坡道平面,31.86,1150000,,RPUNNLSJOHNFFJB96CB
太平區,房地(土地+建物)+車位,育賢段181~210地號,0.15,住,,,1040424,土地1建物1車位2,九層,15,住宅大樓(11層含以上有電梯),住家用,鋼筋混凝土造,,157.06,4,2,2,有,無,10100000,86780,坡道平面,63.72,2000000,,RPVNNLSJOHNFFJB07CB
太平區,房地(土地+建物)+車位,育賢段181~210地號,0.1,住,,,1040416,土地1建物1車位1,十五層,15,住宅大樓(11層含以上有電梯),住家用,鋼筋混凝土造,,131.92,3,2,2,有,無,7980000,68259,坡道平面,31.86,1150000,,RPXNNLSJOHNFFJB27CB
太平區,房地(土地+建物)+車位,育賢段181~210地號,0.1,住,,,1040809,土地1建物1車位1,四層,13,住宅大樓(11層含以上有電梯),住家用,鋼筋混凝土造,,131.9,3,2,2,有,無,6900000,58976,坡道平面,31.86,1000000,,RPOONLSJOHNFFJB09CB
太平區,房地(土地+建物)+車位,育賢段181~210地號,0.1,住,,,1050819,土地1建物1車位2,七層,15,住宅大樓(11層含以上有電梯),住家用,鋼筋混凝土造,,130.98,3,2,2,有,無,8600000,92180,坡道平面,63.72,2400000,,RPQONLSJOHNFFJB66CB
太平區,房地(土地+建物)+車位,育賢段181~210地號,0.15,住,,,1040719,土地1建物1車位2,十三層,15,住宅大樓(11層含以上有電梯),住家用,鋼筋混凝土造,,157.06,4,2,2,有,無,10180000,84423,坡道平面,63.72,2300000,,RPRONLSJOHNFFJB76CB
太平區,房地(土地+建物)+車位,育賢段181~210地號,0.1,住,,,1040518,土地1建物1車位1,七層,13,住宅大樓(11層含以上有電梯),住家用,鋼筋混凝土造,,131.9,3,2,2,有,無,8150000,69972,坡道平面,31.86,1150000,,RPSONLSJOHNFFJB86CB
太平區,房地(土地+建物)+車位,育賢段181~210地號,0.1,住,,,1050622,土地1建物1車位2,四層,15,住宅大樓(11層含以上有電梯),住家用,鋼筋混凝土造,,131.92,3,2,2,有,無,7630000,79619,坡道平面,63.72,2200000,,RPTONLSJOHNFFJB96CB
太平區,房地(土地+建物)+車位,育賢段181~210地號,0.15,住,,,1041209,土地1建物1車位1,十二層,15,住宅大樓(11層含以上有電梯),住家用,鋼筋混凝土造,,158.0,4,2,2,有,無,9000000,63422,坡道平面,31.86,1000000,,RPUONLSJOHNFFJB07CB
太平區,房地(土地+建物)+車位,育賢段181~210地號,0.1,住,,,1040506,土地1建物1車位1,三層,15,住宅大樓(11層含以上有電梯),住家用,鋼筋混凝土造,,128.75,3,2,2,有,無,6950000,61410,坡道平面,31.86,1000000,,RPVONLSJOHNFFJB17CB
太平區,房地(土地+建物)+車位,育賢段181~210地號,0.17,住,,,1051008,土地1建物1車位2,十二層,15,住宅大樓(11層含以上有電梯),住家用,鋼筋混凝土造,,168.66,4,2,2,有,無,10320000,76425,坡道平面,63.72,2300000,,RPWONLSJOHNFFJB27CB
太平區,房地(土地+建物)+車位,育賢段181~210地號,0.1,住,,,1040301,土地1建物1車位1,十層,15,住宅大樓(11層含以上有電梯),住家用,鋼筋混凝土造,,128.75,3,2,2,有,無,7560000,67706,坡道平面,31.86,1000000,,RPXONLSJOHNFFJB37CB
太平區,房地(土地+建物)+車位,育賢段181~210地號,0.1,住,,,1040409,土地1建物1車位1,六層,15,住宅大樓(11層含以上有電梯),住家用,鋼筋混凝土造,,132.07,3,2,2,有,無,7700000,66860,坡道平面,31.86,1000000,,RPOPNLSJOHNFFJB56CB
太平區,房地(土地+建物)+車位,育賢段181~210地號,0.1,住,,,1040116,土地1建物1車位1,十二層,13,住宅大樓(11層含以上有電梯),住家用,鋼筋混凝土造,,131.9,3,2,2,有,無,8000000,69972,坡道平面,31.86,1000000,,RPPPNLSJOHNFFJB66CB
太平區,房地(土地+建物)+車位,育賢段181~210地號,0.1,住,,,1040306,土地1建物1車位1,三層,15,住宅大樓(11層含以上有電梯),住家用,鋼筋混凝土造,,131.17,3,2,2,有,無,6800000,58403,坡道平面,31.86,1000000,,RPRPNLSJOHNFFJB86CB
太平區,房地(土地+建物)+車位,育賢段181~210地號,0.1,住,,,1050710,土地1建物1車位1,九層,13,住宅大樓(11層含以上有電梯),住家用,鋼筋混凝土造,,131.9,3,2,2,有,無,7450000,62975,坡道平面,31.86,1150000,,RPSPNLSJOHNFFJB96CB
太平區,房地(土地+建物)+車位,育賢段181~210地號,0.1,住,,,1040506,土地1建物1車位1,十層,15,住宅大樓(11層含以上有電梯),住家用,鋼筋混凝土造,,131.17,3,2,2,有,無,8120000,70184,坡道平面,31.86,1150000,,RPTPNLSJOHNFFJB07CB
太平區,房地(土地+建物)+車位,育賢段181~210地號,0.1,住,,,1040623,土地1建物1車位1,七層,15,住宅大樓(11層含以上有電梯),住家用,鋼筋混凝土造,,132.07,3,2,2,有,無,7800000,65862,坡道平面,31.86,1200000,,RPUPNLSJOHNFFJB17CB
太平區,房地(土地+建物)+車位,育賢段181~210地號,0.17,住,,,1051119,土地1建物1車位2,七層,15,住宅大樓(11層含以上有電梯),住家用,鋼筋混凝土造,,168.66,4,2,2,有,無,10000000,73375,坡道平面,63.72,2300000,,RPVPNLSJOHNFFJB27CB
太平區,房地(土地+建物)+車位,育賢段181~210地號,0.1,住,,,1050621,土地1建物1車位2,八層,13,住宅大樓(11層含以上有電梯),住家用,鋼筋混凝土造,,131.59,3,2,2,有,無,8050000,83247,坡道平面,63.72,2400000,,RPWPNLSJOHNFFJB37CB
太平區,房地(土地+建物)+車位,育賢段181~210地號,0.1,住,,,1040426,土地1建物1車位1,九層,13,住宅大樓(11層含以上有電梯),住家用,鋼筋混凝土造,,131.59,3,2,2,有,無,7700000,67181,坡道平面,31.86,1000000,,RPXPNLSJOHNFFJB47CB
太平區,房地(土地+建物)+車位,育賢段181~210地號,0.17,住,,,1040718,土地1建物1車位2,八層,15,住宅大樓(11層含以上有電梯),住家用,鋼筋混凝土造,,168.66,4,2,2,有,無,10960000,81394,坡道平面,61.65,2250000,,RPQQNLSJOHNFFJB86CB
太平區,房地(土地+建物)+車位,育賢段181~210地號,0.1,住,,,1051028,土地1建物1車位1,十三層,15,住宅大樓(11層含以上有電梯),住家用,鋼筋混凝土造,,131.17,3,2,2,有,無,7700000,67466,坡道平面,31.86,1000000,,RPRQNLSJOHNFFJB96CB
太平區,房地(土地+建物)+車位,育賢段181~210地號,0.17,住,,,1041128,土地1建物1車位2,六層,15,住宅大樓(11層含以上有電梯),住家用,鋼筋混凝土造,,168.48,4,2,2,有,無,10600000,82092,坡道平面,63.72,2000000,,RPSQNLSJOHNFFJB07CB
太平區,房地(土地+建物)+車位,育賢段181~210地號,0.1,住,,,1050430,土地1建物1車位1,九層,15,住宅大樓(11層含以上有電梯),住家用,鋼筋混凝土造,,131.17,3,2,2,有,無,8000000,68976,坡道平面,31.86,1150000,,RPTQNLSJOHNFFJB17CB
太平區,房地(土地+建物)+車位,育賢段181~210地號,0.1,住,,,1050626,土地1建物1車位1,十層,15,住宅大樓(11層含以上有電梯),住家用,鋼筋混凝土造,,131.17,3,2,2,有,無,7650000,65452,坡道平面,31.86,1150000,,RPUQNLSJOHNFFJB27CB
太平區,房地(土地+建物)+車位,育賢段181~210地號,0.1,住,,,1040215,土地1建物1車位1,二層,15,住宅大樓(11層含以上有電梯),住家用,鋼筋混凝土造,,128.75,3,2,2,有,無,6880000,60687,坡道平面,31.86,1000000,,RPVQNLSJOHNFFJB37CB
太平區,房地(土地+建物)+車位,育賢段181~210地號,0.17,住,,,1050214,土地1建物1車位2,六層,15,住宅大樓(11層含以上有電梯),住家用,鋼筋混凝土造,,168.66,4,2,2,有,無,10800000,80046,坡道平面,63.72,2400000,,RPWQNLSJOHNFFJB47CB
太平區,房地(土地+建物)+車位,育賢段181~210地號,0.1,住,,,1050911,土地1建物1車位1,十三層,15,住宅大樓(11層含以上有電梯),住家用,鋼筋混凝土造,,128.75,3,2,2,有,無,7640000,66983,坡道平面,31.86,1150000,,RPXQNLSJOHNFFJB57CB
太平區,房地(土地+建物)+車位,育賢段181~210地號,0.1,住,,,1050729,土地1建物1車位1,八層,15,住宅大樓(11層含以上有電梯),住家用,鋼筋混凝土造,,128.75,3,2,2,有,無,7390000,65951,坡道平面,31.86,1000000,,RPORNLSJOHNFFJB76CB
太平區,房地(土地+建物)+車位,育賢段181~210地號,0.1,住,,,1040628,土地1建物1車位1,九層,15,住宅大樓(11層含以上有電梯),住家用,鋼筋混凝土造,,130.94,3,2,2,有,無,7600000,66613,坡道平面,31.86,1000000,,RPPRNLSJOHNFFJB86CB
太平區,房地(土地+建物)+車位,育賢段181~210地號,0.15,住,,,1050131,土地1建物1車位2,七層,15,住宅大樓(11層含以上有電梯),住家用,鋼筋混凝土造,,158.0,4,2,2,有,無,9780000,79338,坡道平面,63.72,2300000,,RPQRNLSJOHNFFJB96CB
太平區,房地(土地+建物)+車位,育賢段181~210地號,0.1,住,,,1050807,土地1建物1車位1,八層,15,住宅大樓(11層含以上有電梯),住家用,鋼筋混凝土造,,131.17,3,2,2,有,無,7800000,66962,坡道平面,31.86,1150000,,RPRRNLSJOHNFFJB07CB
太平區,房地(土地+建物)+車位,育賢段181~210地號,0.1,住,,,1040309,土地1建物1車位1,七層,15,住宅大樓(11層含以上有電梯),住家用,鋼筋混凝土造,,128.75,3,2,2,有,無,7380000,64976,坡道平面,29.79,950000,,RPSRNLSJOHNFFJB17CB
太平區,房地(土地+建物)+車位,育賢段181~210地號,0.1,住,,,1060114,土地1建物1車位1,四層,15,住宅大樓(11層含以上有電梯),住家用,鋼筋混凝土造,,131.17,3,2,2,有,無,7300000,61156,坡道平面,29.79,1100000,,RPTRNLSJOHNFFJB27CB
太平區,房地(土地+建物)+車位,育賢段181~210地號,0.1,住,,,1041105,土地1建物1車位1,九層,13,住宅大樓(11層含以上有電梯),住家用,鋼筋混凝土造,,131.59,3,2,2,有,無,7650000,66680,坡道平面,31.86,1000000,,RPURNLSJOHNFFJB37CB
太平區,房地(土地+建物)+車位,育賢段181~210地號,0.1,住,,,1050520,土地1建物1車位1,三層,13,住宅大樓(11層含以上有電梯),住家用,鋼筋混凝土造,,131.9,3,2,2,有,無,6960000,59576,坡道平面,31.86,1000000,,RPVRNLSJOHNFFJB47CB
太平區,房地(土地+建物)+車位,育賢段181~210地號,0.1,住,,,1040116,土地1建物1車位1,十層,13,住宅大樓(11層含以上有電梯),住家用,鋼筋混凝土造,,131.59,3,2,2,有,無,7730000,65978,坡道平面,31.86,1150000,,RPXRNLSJOHNFFJB67CB
太平區,房地(土地+建物)+車位,育賢段181~210地號,0.1,住,,,1040118,土地1建物1車位1,二層,13,住宅大樓(11層含以上有電梯),住家用,鋼筋混凝土造,,131.59,3,2,2,有,無,7200000,62168,坡道平面,31.86,1000000,,RPOSNLSJOHNFFJB86CB
太平區,房地(土地+建物)+車位,育賢段181~210地號,0.15,住,,,1040501,土地1建物1車位2,六層,15,住宅大樓(11層含以上有電梯),住家用,鋼筋混凝土造,,157.06,4,2,2,有,無,9960000,85280,坡道平面,63.72,2000000,,RPPSNLSJOHNFFJB96CB
太平區,房地(土地+建物)+車位,育賢段181~210地號,0.1,住,,,1040202,土地1建物1車位1,三層,15,住宅大樓(11層含以上有電梯),住家用,鋼筋混凝土造,,128.75,3,2,2,有,無,6800000,59862,坡道平面,31.86,1000000,,RPQSNLSJOHNFFJB07CB
太平區,房地(土地+建物)+車位,育賢段181~210地號,0.1,住,,,1040118,土地1建物1車位1,九層,15,住宅大樓(11層含以上有電梯),住家用,鋼筋混凝土造,,130.98,3,2,2,有,無,8350000,72639,坡道平面,31.86,1150000,,RPRSNLSJOHNFFJB17CB
太平區,房地(土地+建物)+車位,育賢段181~210地號,0.1,住,,,1040210,土地1建物1車位1,五層,15,住宅大樓(11層含以上有電梯),住家用,鋼筋混凝土造,,131.17,3,2,2,有,無,7770000,66660,坡道平面,31.86,1150000,,RPSSNLSJOHNFFJB27CB
太平區,房地(土地+建物)+車位,育賢段181~210地號,0.1,住,,,1040702,土地1建物1車位1,三層,15,住宅大樓(11層含以上有電梯),住家用,鋼筋混凝土造,,131.92,3,2,2,有,無,7250000,62463,坡道平面,31.86,1000000,,RPUSNLSJOHNFFJB47CB
太平區,房地(土地+建物)+車位,育賢段181~210地號,0.1,住,,,1050602,土地1建物1車位1,五層,13,住宅大樓(11層含以上有電梯),住家用,鋼筋混凝土造,,131.9,3,2,2,有,無,7100000,60976,坡道平面,31.86,1000000,,RPWSNLSJOHNFFJB67CB
太平區,房地(土地+建物)+車位,育賢段181~210地號,0.1,住,,,1040531,土地1建物1車位1,四層,15,住宅大樓(11層含以上有電梯),住家用,鋼筋混凝土造,,132.07,3,2,2,有,無,7300000,62868,坡道平面,31.86,1000000,,RPXSNLSJOHNFFJB77CB
太平區,房地(土地+建物)+車位,育賢段181~210地號,0.1,住,,,1040124,土地1建物1車位1,六層,15,住宅大樓(11層含以上有電梯),住家用,鋼筋混凝土造,,128.75,3,2,2,有,無,7390000,65951,坡道平面,31.86,1000000,,RPOTNLSJOHNFFJB96CB
太平區,房地(土地+建物)+車位,育賢段181~210地號,0.1,住,,,1040527,土地1建物1車位1,七層,15,住宅大樓(11層含以上有電梯),住家用,鋼筋混凝土造,,131.17,3,2,2,有,無,7880000,67768,坡道平面,31.86,1150000,,RPPTNLSJOHNFFJB07CB
太平區,房地(土地+建物)+車位,育賢段181~210地號,0.1,住,,,1040628,土地1建物1車位1,十層,15,住宅大樓(11層含以上有電梯),住家用,鋼筋混凝土造,,130.94,3,2,2,有,無,7550000,66108,坡道平面,31.86,1000000,,RPQTNLSJOHNFFJB17CB
太平區,房地(土地+建物)+車位,育賢段181~210地號,0.1,住,,,1050720,土地1建物1車位1,十層,15,住宅大樓(11層含以上有電梯),住家用,鋼筋混凝土造,,132.07,3,2,2,有,無,7610000,64465,坡道平面,31.86,1150000,,RPRTNLSJOHNFFJB27CB
太平區,房地(土地+建物)+車位,育賢段181~210地號,0.1,住,,,1040202,土地1建物1車位1,六層,15,住宅大樓(11層含以上有電梯),住家用,鋼筋混凝土造,,128.75,3,2,2,有,無,7350000,65538,坡道平面,31.86,1000000,,RPSTNLSJOHNFFJB37CB
北屯區,房地(土地+建物)+車位,昌平段421~450地號,28.21,住,,,1061227,土地3建物1車位2,十五層,15,住宅大樓(11層含以上有電梯),住家用,鋼筋混凝土造,,164.52,4,2,2,有,無,20520000,154198,坡道平面,50.9,3000000,,RPPRMLNJPHNFFBB18CB
北屯區,房地(土地+建物)+車位,昌平段421~450地號,28.21,住,,,1061227,土地3建物1車位2,十三層,15,住宅大樓(11層含以上有電梯),住家用,鋼筋混凝土造,,164.52,4,2,2,有,無,19820000,151558,坡道平面,50.9,2600000,,RPQRMLNJPHNFFBB28CB
北屯區,房地(土地+建物)+車位,昌平段421~450地號,28.21,住,,,1061227,土地3建物1車位2,十層,15,住宅大樓(11層含以上有電梯),住家用,鋼筋混凝土造,,164.52,4,2,2,有,無,19470000,148477,坡道平面,50.9,2600000,,RPRRMLNJPHNFFBB38CB
北屯區,房地(土地+建物)+車位,昌平段421~450地號,28.21,住,,,1061227,土地3建物1車位2,十五層,15,住宅大樓(11層含以上有電梯),住家用,鋼筋混凝土造,,163.57,4,2,2,有,無,20670000,156830,坡道平面,50.9,3000000,,RPSRMLNJPHNFFBB48CB
北屯區,房地(土地+建物)+車位,昌平段421~450地號,28.21,住,,,1061227,土地3建物1車位2,十層,15,住宅大樓(11層含以上有電梯),住家用,鋼筋混凝土造,,163.5,4,2,2,有,無,19610000,151066,坡道平面,50.9,2600000,,RPTRMLNJPHNFFBB58CB
北屯區,房地(土地+建物)+車位,昌平段421~450地號,28.21,住,,,1061227,土地3建物1車位2,十五層,15,住宅大樓(11層含以上有電梯),住家用,鋼筋混凝土造,,164.76,4,2,2,有,無,20800000,156332,坡道平面,50.9,3000000,,RPURMLNJPHNFFBB68CB
北屯區,房地(土地+建物)+車位,昌平段421~450地號,28.21,住,,,1070203,土地3建物1車位2,六層,15,住宅大樓(11層含以上有電梯),住家用,鋼筋混凝土造,,164.76,4,2,2,有,無,19550000,147989,坡道平面,50.9,2700000,,RPVRMLNJPHNFFBB78CB
北屯區,房地(土地+建物)+車位,昌平段421~450地號,21.35,住,,,1070423,土地3建物1車位1,十一層,15,住宅大樓(11層含以上有電梯),住家用,鋼筋混凝土造,,134.68,3,2,2,有,無,14100000,117184,坡道平面,25.45,1300000,,RPWRMLNJPHNFFBB88CB
北屯區,房地(土地+建物)+車位,昌平段421~450地號,28.21,住,,,1061104,土地3建物1車位2,十層,15,住宅大樓(11層含以上有電梯),住家用,鋼筋混凝土造,,164.76,4,2,2,有,無,19950000,150624,坡道平面,50.9,2800000,,RPXRMLNJPHNFFBB98CB
北屯區,房地(土地+建物)+車位,昌平段421~450地號,21.35,住,,,1070421,土地3建物1車位1,五層,15,住宅大樓(11層含以上有電梯),住家用,鋼筋混凝土造,,134.68,3,2,2,有,無,13410000,110867,坡道平面,25.45,1300000,,RPOSMLNJPHNFFBB18CB
北屯區,房地(土地+建物)+車位,昌平段421~450地號,21.35,住,,,1070421,土地3建物1車位1,四層,15,住宅大樓(11層含以上有電梯),住家用,鋼筋混凝土造,,134.68,3,2,2,有,無,13300000,108944,坡道平面,25.45,1400000,,RPPSMLNJPHNFFBB28CB
北屯區,房地(土地+建物)+車位,昌平段421~450地號,20.2,住,,,1061223,土地3建物1車位1,八層,15,住宅大樓(11層含以上有電梯),住家用,鋼筋混凝土造,,128.4,3,2,2,有,無,13170000,115299,坡道平面,25.45,1300000,,RPQSMLNJPHNFFBB38CB
北屯區,房地(土地+建物)+車位,昌平段421~450地號,21.35,住,,,1061203,土地3建物1車位1,九層,15,住宅大樓(11層含以上有電梯),住家用,鋼筋混凝土造,,134.68,3,2,2,有,無,14100000,117184,坡道平面,25.45,1300000,,RPRSMLNJPHNFFBB48CB
北屯區,房地(土地+建物)+車位,昌平段421~450地號,21.35,住,,,1070525,土地3建物1車位1,十二層,15,住宅大樓(11層含以上有電梯),住家用,鋼筋混凝土造,,134.68,3,2,2,有,無,14430000,118374,坡道平面,25.45,1500000,,RPSSMLNJPHNFFBB58CB
北屯區,房地(土地+建物)+車位,昌平段421~450地號,20.2,住,,,1061216,土地3建物1車位1,九層,15,住宅大樓(11層含以上有電梯),住家用,鋼筋混凝土造,,128.4,3,2,2,有,無,13240000,115979,坡道平面,25.45,1300000,,RPTSMLNJPHNFFBB68CB
北屯區,房地(土地+建物)+車位,昌平段421~450地號,20.97,住,,,1061030,土地3建物1車位1,四層,15,住宅大樓(11層含以上有電梯),住家用,鋼筋混凝土造,,128.4,3,2,2,有,無,13330000,114910,坡道平面,25.45,1500000,,RPUSMLNJPHNFFBB78CB
北屯區,房地(土地+建物)+車位,昌平段421~450地號,21.73,住,,,1061122,土地3建物1車位1,十一層,15,住宅大樓(11層含以上有電梯),住家用,鋼筋混凝土造,,137.3,3,2,2,有,無,14700000,118909,坡道平面,25.45,1400000,,RPVSMLNJPHNFFBB88CB
北屯區,房地(土地+建物)+車位,昌平段421~450地號,21.73,住,,,1061122,土地3建物1車位1,十一層,15,住宅大樓(11層含以上有電梯),住家用,鋼筋混凝土造,,137.7,3,2,2,有,無,15000000,121158,坡道平面,25.45,1400000,,RPWSMLNJPHNFFBB98CB
北屯區,房地(土地+建物)+車位,昌平段421~450地號,21.35,住,,,1061031,土地3建物1車位1,十層,15,住宅大樓(11層含以上有電梯),住家用,鋼筋混凝土造,,134.68,3,2,2,有,無,14370000,117825,坡道平面,25.45,1500000,,RPXSMLNJPHNFFBB09CB
北屯區,房地(土地+建物)+車位,昌平段421~450地號,21.73,住,,,1070421,土地3建物1車位1,五層,15,住宅大樓(11層含以上有電梯),住家用,鋼筋混凝土造,,137.3,3,2,2,有,無,13710000,110952,坡道平面,25.45,1300000,,RPPTMLNJPHNFFBB38CB
北屯區,房地(土地+建物)+車位,昌平段421~450地號,25.16,住,,,1070514,土地3建物1車位1,三層,15,住宅大樓(11層含以上有電梯),住家用,鋼筋混凝土造,,164.86,4,2,2,有,無,17600000,116204,坡道平面,25.45,1400000,,RPQTMLNJPHNFFBB48CB
北屯區,房地(土地+建物)+車位,昌平段421~450地號,25.16,住,,,1070105,土地3建物1車位1,五層,15,住宅大樓(11層含以上有電梯),住家用,鋼筋混凝土造,,164.86,4,2,2,有,無,18550000,122301,坡道平面,25.45,1500000,,RPRTMLNJPHNFFBB58CB
北屯區,房地(土地+建物)+車位,昌平段421~450地號,20.2,住,,,1061102,土地3建物1車位1,十三層,15,住宅大樓(11層含以上有電梯),住家用,鋼筋混凝土造,,128.4,3,2,2,有,無,14150000,123847,坡道平面,25.45,1400000,,RPSTMLNJPHNFFBB68CB
北屯區,房地(土地+建物)+車位,昌平段421~450地號,21.35,住,,,1061105,土地3建物1車位1,三層,15,住宅大樓(11層含以上有電梯),住家用,鋼筋混凝土造,,134.68,3,2,2,有,無,13600000,111691,坡道平面,25.45,1400000,,RPTTMLNJPHNFFBB78CB
北屯區,房地(土地+建物)+車位,昌平段421~450地號,21.73,住,,,1070609,土地3建物1車位1,四層,15,住宅大樓(11層含以上有電梯),住家用,鋼筋混凝土造,,137.3,3,2,2,有,無,13600000,109075,坡道平面,25.45,1400000,,RPUTMLNJPHNFFBB88CB
北屯區,房地(土地+建物)+車位,昌平段421~450地號,21.35,住,,,1070524,土地3建物1車位1,十五層,15,住宅大樓(11層含以上有電梯),住家用,鋼筋混凝土造,,134.71,3,2,2,有,無,14980000,123375,坡道平面,25.45,1500000,,RPVTMLNJPHNFFBB98CB
北屯區,房地(土地+建物)+車位,昌平段421~450地號,28.21,住,,,1070204,土地3建物1車位2,十四層,15,住宅大樓(11層含以上有電梯),住家用,鋼筋混凝土造,,164.76,4,2,2,有,無,20350000,155015,坡道平面,50.9,2700000,,RPWTMLNJPHNFFBB09CB
北屯區,房地(土地+建物)+車位,昌平段421~450地號,21.35,住,,,1070414,土地3建物1車位1,九層,15,住宅大樓(11層含以上有電梯),住家用,鋼筋混凝土造,,134.68,3,2,2,有,無,13630000,112881,坡道平面,25.45,1300000,,RPXTMLNJPHNFFBB56CB
北屯區,房地(土地+建物)+車位,昌平段421~450地號,28.21,住,,,1061031,土地3建物1車位2,十五層,15,住宅大樓(11層含以上有電梯),住家用,鋼筋混凝土造,,164.86,4,2,2,有,無,21320000,162513,坡道平面,50.9,2800000,,RPOUMLNJPHNFFBB38CB
北屯區,房地(土地+建物)+車位,昌平段421~450地號,21.35,住,,,1061128,土地3建物1車位1,十三層,15,住宅大樓(11層含以上有電梯),住家用,鋼筋混凝土造,,134.68,3,2,2,有,無,14500000,119015,坡道平面,25.45,1500000,,RPPUMLNJPHNFFBB48CB
北屯區,房地(土地+建物)+車位,昌平段421~450地號,25.16,住,,,1070222,土地3建物1車位1,四層,15,住宅大樓(11層含以上有電梯),住家用,鋼筋混凝土造,,163.5,4,2,2,有,無,17720000,117494,坡道平面,25.45,1500000,,RPQUMLNJPHNFFBB58CB
北屯區,房地(土地+建物)+車位,昌平段421~450地號,21.73,住,,,1070403,土地3建物1車位1,十四層,15,住宅大樓(11層含以上有電梯),住家用,鋼筋混凝土造,,138.61,3,2,2,有,無,16400000,132556,坡道平面,25.45,1400000,,RPRUMLNJPHNFFBB68CB
北屯區,房地(土地+建物)+車位,昌平段421~450地號,28.21,住,,,1061030,土地3建物1車位2,十三層,15,住宅大樓(11層含以上有電梯),住家用,鋼筋混凝土造,,164.86,4,2,2,有,無,20700000,158828,坡道平面,50.9,2600000,,RPSUMLNJPHNFFBB78CB
北屯區,房地(土地+建物)+車位,昌平段421~450地號,21.73,住,,,1070317,土地3建物1車位1,十一層,15,住宅大樓(11層含以上有電梯),住家用,鋼筋混凝土造,,138.61,3,2,2,有,無,15800000,127253,坡道平面,25.45,1400000,,RPTUMLNJPHNFFBB88CB
北屯區,房地(土地+建物)+車位,昌平段421~450地號,25.16,住,,,1070624,土地3建物1車位1,二層,15,住宅大樓(11層含以上有電梯),住家用,鋼筋混凝土造,,168.38,4,2,2,有,無,17440000,112922,坡道平面,25.45,1300000,,RPUUMLNJPHNFFBB98CB
北屯區,房地(土地+建物)+車位,昌平段421~450地號,20.2,住,,,1070128,土地3建物1車位1,五層,15,住宅大樓(11層含以上有電梯),住家用,鋼筋混凝土造,,128.4,3,2,2,有,無,13040000,114036,坡道平面,25.45,1300000,,RPVUMLNJPHNFFBB09CB
北屯區,房地(土地+建物)+車位,昌平段421~450地號,20.2,住,,,1061027,土地3建物1車位1,三層,15,住宅大樓(11層含以上有電梯),住家用,鋼筋混凝土造,,128.4,3,2,2,有,無,12880000,112482,坡道平面,25.45,1300000,,RPWUMLNJPHNFFBB56CB
北屯區,房地(土地+建物)+車位,昌平段421~450地號,28.21,住,,,1061104,土地3建物1車位2,十層,15,住宅大樓(11層含以上有電梯),住家用,鋼筋混凝土造,,164.86,4,2,2,有,無,20100000,153563,坡道平面,50.9,2600000,,RPXUMLNJPHNFFBB66CB
北屯區,房地(土地+建物)+車位,昌平段421~450地號,21.35,住,,,1061104,土地3建物1車位1,九層,15,住宅大樓(11層含以上有電梯),住家用,鋼筋混凝土造,,136.17,3,2,2,有,無,15100000,123736,坡道平面,25.45,1400000,,RPOVMLNJPHNFFBB48CB
北屯區,房地(土地+建物)+車位,昌平段421~450地號,21.35,住,,,1061105,土地3建物1車位1,七層,15,住宅大樓(11層含以上有電梯),住家用,鋼筋混凝土造,,136.17,3,2,2,有,無,15000000,122832,坡道平面,25.45,1400000,,RPPVMLNJPHNFFBB58CB
北屯區,房地(土地+建物)+車位,昌平段421~450地號,21.73,住,,,1061208,土地3建物1車位1,六層,15,住宅大樓(11層含以上有電梯),住家用,鋼筋混凝土造,,138.61,3,2,2,有,無,15600000,125486,坡道平面,25.45,1400000,,RPQVMLNJPHNFFBB68CB
北屯區,房地(土地+建物)+車位,昌平段421~450地號,21.35,住,,,1061209,土地3建物1車位1,十三層,15,住宅大樓(11層含以上有電梯),住家用,鋼筋混凝土造,,136.17,3,2,2,有,無,15380000,126264,坡道平面,25.45,1400000,,RPRVMLNJPHNFFBB78CB
北屯區,房地(土地+建物)+車位,昌平段421~450地號,28.21,住,,,1061106,土地3建物1車位2,八層,15,住宅大樓(11層含以上有電梯),住家用,鋼筋混凝土造,,164.76,4,2,2,有,無,20000000,151063,坡道平面,50.9,2800000,,RPSVMLNJPHNFFBB88CB
北屯區,房地(土地+建物)+車位,昌平段421~450地號,20.2,住,,,1061216,土地3建物1車位1,七層,15,住宅大樓(11層含以上有電梯),住家用,鋼筋混凝土造,,128.4,3,2,2,有,無,13090000,114522,坡道平面,25.45,1300000,,RPTVMLNJPHNFFBB98CB
北屯區,房地(土地+建物)+車位,昌平段421~450地號,28.21,住,,,1061027,土地3建物1車位2,八層,15,住宅大樓(11層含以上有電梯),住家用,鋼筋混凝土造,,163.5,4,2,2,有,無,19630000,149467,坡道平面,50.9,2800000,,RPUVMLNJPHNFFBB09CB
北屯區,房地(土地+建物)+車位,昌平段421~450地號,21.35,住,,,1070524,土地3建物1車位1,十四層,15,住宅大樓(11層含以上有電梯),住家用,鋼筋混凝土造,,134.68,3,2,2,有,無,14680000,120663,坡道平面,25.45,1500000,,RPVVMLNJPHNFFBB56CB
北屯區,房地(土地+建物)+車位,昌平段421~450地號,21.73,住,,,1070323,土地3建物1車位1,十五層,15,住宅大樓(11層含以上有電梯),住家用,鋼筋混凝土造,,137.65,3,2,2,有,無,15470000,124510,坡道平面,25.45,1500000,,RPWVMLNJPHNFFBB66CB
北屯區,房地(土地+建物)+車位,昌平段421~450地號,21.35,住,,,1061203,土地3建物1車位1,十五層,15,住宅大樓(11層含以上有電梯),住家用,鋼筋混凝土造,,134.71,3,2,2,有,無,14500000,120813,坡道平面,25.45,1300000,,RPXVMLNJPHNFFBB76CB
北屯區,房地(土地+建物)+車位,昌平段421~450地號,21.35,住,,,1061110,土地3建物1車位1,五層,15,住宅大樓(11層含以上有電梯),住家用,鋼筋混凝土造,,136.17,3,2,2,有,無,14720000,121207,坡道平面,25.45,1300000,,RPOWMLNJPHNFFBB58CB
北屯區,房地(土地+建物)+車位,昌平段421~450地號,21.35,住,,,1070119,土地3建物1車位1,十一層,15,住宅大樓(11層含以上有電梯),住家用,鋼筋混凝土造,,136.17,3,2,2,有,無,15130000,124007,坡道平面,25.45,1400000,,RPPWMLNJPHNFFBB68CB
北屯區,房地(土地+建物)+車位,昌平段421~450地號,21.73,住,,,1061110,土地3建物1車位1,五層,15,住宅大樓(11層含以上有電梯),住家用,鋼筋混凝土造,,138.61,3,2,2,有,無,15400000,124602,坡道平面,25.45,1300000,,RPQWMLNJPHNFFBB78CB
北屯區,房地(土地+建物)+車位,昌平段421~450地號,21.73,住,,,1070512,土地3建物1車位1,十四層,15,住宅大樓(11層含以上有電梯),住家用,鋼筋混凝土造,,137.7,3,2,2,有,無,15080000,121871,坡道平面,25.45,1400000,,RPRWMLNJPHNFFBB88CB
北屯區,房地(土地+建物)+車位,昌平段421~450地號,21.35,住,,,1070110,土地3建物1車位1,七層,15,住宅大樓(11層含以上有電梯),住家用,鋼筋混凝土造,,134.68,3,2,2,有,無,13920000,114621,坡道平面,25.45,1400000,,RPSWMLNJPHNFFBB98CB
北屯區,房地(土地+建物)+車位,昌平段421~450地號,28.21,住,,,1070328,土地3建物1車位2,八層,15,住宅大樓(11層含以上有電梯),住家用,鋼筋混凝土造,,164.52,4,2,2,有,無,19300000,145221,坡道平面,50.9,2800000,,RPTWMLNJPHNFFBB09CB
北屯區,房地(土地+建物)+車位,昌平段421~450地號,21.35,住,,,1070606,土地3建物1車位1,十一層,15,住宅大樓(11層含以上有電梯),住家用,鋼筋混凝土造,,134.68,3,2,2,有,無,13900000,114437,坡道平面,25.45,1400000,,RPUWMLNJPHNFFBB56CB
北屯區,房地(土地+建物)+車位,昌平段421~450地號,28.21,住,,,1061128,土地3建物1車位2,十一層,15,住宅大樓(11層含以上有電梯),住家用,鋼筋混凝土造,,164.52,4,2,2,有,無,19980000,151206,坡道平面,50.9,2800000,,RPVWMLNJPHNFFBB66CB
北屯區,房地(土地+建物)+車位,昌平段421~450地號,28.21,住,,,1061210,土地3建物1車位2,十二層,15,住宅大樓(11層含以上有電梯),住家用,鋼筋混凝土造,,163.5,4,2,2,有,無,20100000,154529,坡道平面,50.9,2700000,,RPWWMLNJPHNFFBB76CB
北屯區,房地(土地+建物)+車位,昌平段421~450地號,21.73,住,,,1061114,土地3建物1車位1,十層,15,住宅大樓(11層含以上有電梯),住家用,鋼筋混凝土造,,138.61,3,2,2,有,無,15890000,128049,坡道平面,25.45,1400000,,RPXWMLNJPHNFFBB86CB
北屯區,房地(土地+建物)+車位,昌平段421~450地號,21.35,住,,,1061118,土地3建物1車位1,六層,15,住宅大樓(11層含以上有電梯),住家用,鋼筋混凝土造,,134.68,3,2,2,有,無,13950000,114895,坡道平面,25.45,1400000,,RPONNLNJPHNFFBB77CB
北屯區,房地(土地+建物)+車位,昌平段421~450地號,21.35,住,,,1070429,土地3建物1車位1,十五層,15,住宅大樓(11層含以上有電梯),住家用,鋼筋混凝土造,,135.27,3,2,2,有,無,15380000,126389,坡道平面,25.45,1500000,,RPPNNLNJPHNFFBB87CB
北屯區,房地(土地+建物)+車位,昌平段421~450地號,25.16,住,,,1070524,土地3建物1車位1,二層,15,住宅大樓(11層含以上有電梯),住家用,鋼筋混凝土造,,168.53,4,2,2,有,無,17900000,115320,坡道平面,25.45,1400000,,RPQNNLNJPHNFFBB97CB
北屯區,房地(土地+建物)+車位,昌平段421~450地號,21.35,住,,,1070528,土地3建物1車位1,三層,15,住宅大樓(11層含以上有電梯),住家用,鋼筋混凝土造,,134.68,3,2,2,有,無,13000000,106198,坡道平面,25.45,1400000,,RPRNNLNJPHNFFBB08CB
北屯區,房地(土地+建物)+車位,昌平段421~450地號,21.35,住,,,1061127,土地3建物1車位1,八層,15,住宅大樓(11層含以上有電梯),住家用,鋼筋混凝土造,,136.17,3,2,2,有,無,15080000,123555,坡道平面,25.45,1400000,,RPSNNLNJPHNFFBB18CB
北屯區,房地(土地+建物)+車位,昌平段421~450地號,28.21,住,,,1061117,土地3建物1車位2,九層,15,住宅大樓(11層含以上有電梯),住家用,鋼筋混凝土造,,164.76,4,2,2,有,無,20250000,153258,坡道平面,50.9,2800000,,RPTNNLNJPHNFFBB28CB
北屯區,房地(土地+建物)+車位,昌平段421~450地號,21.73,住,,,1070222,土地3建物1車位1,十三層,15,住宅大樓(11層含以上有電梯),住家用,鋼筋混凝土造,,138.61,3,2,2,有,無,16120000,130081,坡道平面,25.45,1400000,,RPUNNLNJPHNFFBB38CB
北屯區,房地(土地+建物)+車位,昌平段421~450地號,25.54,住,,,1061030,土地3建物1車位2,一層,15,住宅大樓(11層含以上有電梯),商業用,鋼筋混凝土造,,133.61,0,0,1,無,無,31000000,340950,坡道平面,50.9,2800000,,RPVNNLNJPHNFFBB48CB
北屯區,房地(土地+建物)+車位,昌平段421~450地號,20.2,住,,,1061104,土地3建物1車位1,二層,15,住宅大樓(11層含以上有電梯),住家用,鋼筋混凝土造,,128.13,3,2,2,有,無,12800000,111998,坡道平面,25.45,1300000,,RPWNNLNJPHNFFBB58CB
北屯區,房地(土地+建物)+車位,昌平段421~450地號,21.73,住,,,1061108,土地3建物1車位1,七層,15,住宅大樓(11層含以上有電梯),住家用,鋼筋混凝土造,,138.61,3,2,2,有,無,15930000,128402,坡道平面,25.45,1400000,,RPXNNLNJPHNFFBB68CB
北屯區,房地(土地+建物)+車位,昌平段421~450地號,20.2,住,,,1061101,土地3建物1車位1,十二層,15,住宅大樓(11層含以上有電梯),住家用,鋼筋混凝土造,,128.4,3,2,2,有,無,13940000,122778,坡道平面,25.45,1300000,,RPOONLNJPHNFFBB87CB
北屯區,房地(土地+建物)+車位,昌平段421~450地號,21.35,住,,,1070410,土地3建物1車位1,七層,15,住宅大樓(11層含以上有電梯),住家用,鋼筋混凝土造,,134.68,3,2,2,有,無,13870000,114163,坡道平面,25.45,1400000,,RPPONLNJPHNFFBB97CB
北屯區,房地(土地+建物)+車位,昌平段421~450地號,21.35,住,,,1070519,土地3建物1車位1,十三層,15,住宅大樓(11層含以上有電梯),住家用,鋼筋混凝土造,,134.68,3,2,2,有,無,14300000,118099,坡道平面,25.45,1400000,,RPQONLNJPHNFFBB08CB
北屯區,房地(土地+建物)+車位,昌平段421~450地號,21.35,住,,,1061223,土地3建物1車位1,十二層,15,住宅大樓(11層含以上有電梯),住家用,鋼筋混凝土造,,134.68,3,2,2,有,無,14050000,116726,坡道平面,25.45,1300000,,RPRONLNJPHNFFBB18CB
北屯區,房地(土地+建物)+車位,昌平段421~450地號,21.35,住,,,1061202,土地3建物1車位1,十層,15,住宅大樓(11層含以上有電梯),住家用,鋼筋混凝土造,,136.17,3,2,2,有,無,15000000,123736,坡道平面,25.45,1300000,,RPSONLNJPHNFFBB28CB
北屯區,房地(土地+建物)+車位,昌平段421~450地號,28.21,住,,,1061210,土地3建物1車位2,六層,15,住宅大樓(11層含以上有電梯),住家用,鋼筋混凝土造,,164.86,4,2,2,有,無,19800000,150930,坡道平面,50.9,2600000,,RPTONLNJPHNFFBB38CB
北屯區,房地(土地+建物)+車位,昌平段421~450地號,28.21,住,,,1070104,土地3建物1車位2,十三層,15,住宅大樓(11層含以上有電梯),住家用,鋼筋混凝土造,,164.76,4,2,2,有,無,20300000,153698,坡道平面,50.9,2800000,,RPUONLNJPHNFFBB48CB
北屯區,房地(土地+建物)+車位,昌平段421~450地號,25.92,住,,,1061202,土地3建物1車位2,一層,15,住宅大樓(11層含以上有電梯),商業用,鋼筋混凝土造,,136.7,0,0,1,無,無,28880000,301632,坡道平面,50.9,3000000,,RPVONLNJPHNFFBB58CB
北屯區,房地(土地+建物)+車位,昌平段421~450地號,21.35,住,,,1070421,土地3建物1車位1,六層,15,住宅大樓(11層含以上有電梯),住家用,鋼筋混凝土造,,134.68,3,2,2,有,無,13640000,112057,坡道平面,25.45,1400000,,RPWONLNJPHNFFBB68CB
北屯區,房地(土地+建物)+車位,昌平段421~450地號,21.35,住,,,1070127,土地3建物1車位1,八層,15,住宅大樓(11層含以上有電梯),住家用,鋼筋混凝土造,,134.68,3,2,2,有,無,13690000,113430,坡道平面,25.45,1300000,,RPXONLNJPHNFFBB78CB
北屯區,房地(土地+建物)+車位,昌平段421~450地號,21.73,住,,,1061213,土地3建物1車位1,六層,15,住宅大樓(11層含以上有電梯),住家用,鋼筋混凝土造,,137.7,3,2,2,有,無,14560000,117238,坡道平面,25.45,1400000,,RPOPNLNJPHNFFBB97CB
北屯區,房地(土地+建物)+車位,昌平段421~450地號,25.16,住,,,1070213,土地3建物1車位1,五層,15,住宅大樓(11層含以上有電梯),住家用,鋼筋混凝土造,,164.76,4,2,2,有,無,18090000,119087,坡道平面,25.45,1500000,,RPPPNLNJPHNFFBB08CB
北屯區,房地(土地+建物)+車位,昌平段421~450地號,28.21,住,,,1061202,土地3建物1車位2,十二層,15,住宅大樓(11層含以上有電梯),住家用,鋼筋混凝土造,,164.52,4,2,2,有,無,20090000,153934,坡道平面,50.9,2600000,,RPQPNLNJPHNFFBB18CB
北屯區,房地(土地+建物)+車位,昌平段421~450地號,21.73,住,,,1070302,土地3建物1車位1,十二層,15,住宅大樓(11層含以上有電梯),住家用,鋼筋混凝土造,,138.61,3,2,2,有,無,16000000,129021,坡道平面,25.45,1400000,,RPRPNLNJPHNFFBB28CB
北屯區,房地(土地+建物)+車位,昌平段421~450地號,21.73,住,,,1061223,土地3建物1車位1,九層,15,住宅大樓(11層含以上有電梯),住家用,鋼筋混凝土造,,138.61,3,2,2,有,無,15920000,127430,坡道平面,25.45,1500000,,RPSPNLNJPHNFFBB38CB
北屯區,房地(土地+建物)+車位,昌平段421~450地號,21.73,住,,,1061223,土地3建物1車位1,四層,15,住宅大樓(11層含以上有電梯),住家用,鋼筋混凝土造,,138.61,3,2,2,有,無,15200000,121951,坡道平面,25.45,1400000,,RPTPNLNJPHNFFBB48CB
北屯區,房地(土地+建物)+車位,昌平段421~450地號,25.92,住,,,1061102,土地3建物1車位2,一層,15,住宅大樓(11層含以上有電梯),商業用,鋼筋混凝土造,,136.41,0,0,1,無,無,30900000,330955,坡道平面,50.9,2600000,,RPUPNLNJPHNFFBB58CB
北屯區,房地(土地+建物)+車位,昌平段421~450地號,25.54,住,,,1061102,土地3建物1車位2,一層,15,住宅大樓(11層含以上有電梯),商業用,鋼筋混凝土造,,133.64,0,0,1,無,無,31500000,346870,坡道平面,50.9,2800000,,RPVPNLNJPHNFFBB68CB
北屯區,房地(土地+建物)+車位,昌平段421~450地號,28.21,住,,,1061201,土地3建物1車位2,十一層,15,住宅大樓(11層含以上有電梯),住家用,鋼筋混凝土造,,164.86,4,2,2,有,無,20180000,152510,坡道平面,50.9,2800000,,RPWPNLNJPHNFFBB78CB
北屯區,房地(土地+建物)+車位,昌平段421~450地號,28.21,住,,,1061201,土地3建物1車位2,十一層,15,住宅大樓(11層含以上有電梯),住家用,鋼筋混凝土造,,164.76,4,2,2,有,無,20020000,151238,坡道平面,50.9,2800000,,RPXPNLNJPHNFFBB88CB
北屯區,房地(土地+建物)+車位,昌平段421~450地號,26.3,住,,,1061101,土地3建物1車位2,一層,15,住宅大樓(11層含以上有電梯),商業用,鋼筋混凝土造,,138.01,0,0,1,無,無,30250000,315119,坡道平面,50.9,2800000,,RPOQNLNJPHNFFBB08CB
北屯區,房地(土地+建物)+車位,昌平段421~450地號,25.16,住,,,1061101,土地3建物1車位2,一層,15,住宅大樓(11層含以上有電梯),商業用,鋼筋混凝土造,,130.21,0,0,1,無,無,28700000,326567,坡道平面,50.9,2800000,,RPPQNLNJPHNFFBB18CB
北屯區,房地(土地+建物)+車位,昌平段421~450地號,25.54,住,,,1061101,土地3建物1車位2,一層,15,住宅大樓(11層含以上有電梯),商業用,鋼筋混凝土造,,135.0,0,0,1,無,無,30050000,324019,坡道平面,50.9,2800000,,RPQQNLNJPHNFFBB28CB
北屯區,房地(土地+建物)+車位,昌平段421~450地號,21.73,住,,,1070504,土地3建物1車位1,十二層,15,住宅大樓(11層含以上有電梯),住家用,鋼筋混凝土造,,137.3,3,2,2,有,無,14320000,116406,坡道平面,25.45,1300000,,RPRQNLNJPHNFFBB38CB
北屯區,房地(土地+建物)+車位,昌平段421~450地號,21.73,住,,,1061104,土地3建物1車位1,十五層,15,住宅大樓(11層含以上有電梯),住家用,鋼筋混凝土造,,137.59,3,2,2,有,無,16540000,135902,坡道平面,25.45,1300000,,RPSQNLNJPHNFFBB48CB
北屯區,房地(土地+建物)+車位,昌平段421~450地號,21.35,住,,,1070222,土地3建物1車位1,四層,15,住宅大樓(11層含以上有電梯),住家用,鋼筋混凝土造,,134.68,3,2,2,有,無,13200000,109860,坡道平面,25.45,1200000,,RPTQNLNJPHNFFBB58CB
北屯區,房地(土地+建物)+車位,昌平段421~450地號,25.16,住,,,1070411,土地3建物1車位1,三層,15,住宅大樓(11層含以上有電梯),住家用,鋼筋混凝土造,,164.76,4,2,2,有,無,17500000,114852,坡道平面,25.45,1500000,,RPUQNLNJPHNFFBB68CB
北屯區,房地(土地+建物)+車位,昌平段421~450地號,21.73,住,,,1061210,土地3建物1車位1,十層,15,住宅大樓(11層含以上有電梯),住家用,鋼筋混凝土造,,137.7,3,2,2,有,無,14760000,119020,坡道平面,25.45,1400000,,RPVQNLNJPHNFFBB78CB
北屯區,房地(土地+建物)+車位,昌平段421~450地號,21.73,住,,,1061205,土地3建物1車位1,九層,15,住宅大樓(11層含以上有電梯),住家用,鋼筋混凝土造,,137.7,3,2,2,有,無,14800000,119376,坡道平面,25.45,1400000,,RPWQNLNJPHNFFBB88CB
北屯區,房地(土地+建物)+車位,昌平段421~450地號,21.73,住,,,1070408,土地3建物1車位1,二層,15,住宅大樓(11層含以上有電梯),住家用,鋼筋混凝土造,,139.63,3,2,2,有,無,15100000,119986,坡道平面,25.45,1400000,,RPXQNLNJPHNFFBB98CB
北屯區,房地(土地+建物)+車位,昌平段421~450地號,28.21,住,,,1061208,土地3建物1車位2,十四層,15,住宅大樓(11層含以上有電梯),住家用,鋼筋混凝土造,,164.86,4,2,2,有,無,20800000,159705,坡道平面,50.9,2600000,,RPORNLNJPHNFFBB18CB
北屯區,房地(土地+建物)+車位,昌平段421~450地號,21.73,住,,,1061113,土地3建物1車位1,八層,15,住宅大樓(11層含以上有電梯),住家用,鋼筋混凝土造,,137.3,3,2,2,有,無,14350000,115780,坡道平面,25.45,1400000,,RPPRNLNJPHNFFBB28CB
北屯區,房地(土地+建物)+車位,昌平段421~450地號,20.2,住,,,1061030,土地3建物1車位1,十四層,15,住宅大樓(11層含以上有電梯),住家用,鋼筋混凝土造,,128.4,3,2,2,有,無,14200000,124332,坡道平面,25.45,1400000,,RPQRNLNJPHNFFBB38CB
北屯區,房地(土地+建物)+車位,昌平段421~450地號,21.73,住,,,1061231,土地3建物1車位1,五層,15,住宅大樓(11層含以上有電梯),住家用,鋼筋混凝土造,,137.7,3,2,2,有,無,14300000,114031,坡道平面,25.45,1500000,,RPRRNLNJPHNFFBB48CB
北屯區,房地(土地+建物)+車位,昌平段421~450地號,25.16,住,,,1070601,土地3建物1車位1,五層,15,住宅大樓(11層含以上有電梯),住家用,鋼筋混凝土造,,164.52,4,2,2,有,無,17600000,116488,坡道平面,25.45,1400000,,RPSRNLNJPHNFFBB58CB
北屯區,房地(土地+建物)+車位,昌平段421~450地號,21.35,住,,,1070318,土地3建物1車位1,十層,15,住宅大樓(11層含以上有電梯),住家用,鋼筋混凝土造,,134.68,3,2,2,有,無,14160000,116818,坡道平面,25.45,1400000,,RPTRNLNJPHNFFBB68CB
北屯區,房地(土地+建物)+車位,昌平段421~450地號,21.73,住,,,1070412,土地3建物1車位1,十三層,15,住宅大樓(11層含以上有電梯),住家用,鋼筋混凝土造,,137.3,3,2,2,有,無,14440000,117479,坡道平面,25.45,1300000,,RPURNLNJPHNFFBB78CB
北屯區,房地(土地+建物)+車位,昌平段421~450地號,20.2,住,,,1061109,土地3建物1車位1,十層,15,住宅大樓(11層含以上有電梯),住家用,鋼筋混凝土造,,128.4,3,2,2,有,無,13320000,116756,坡道平面,25.45,1300000,,RPVRNLNJPHNFFBB88CB
北屯區,房地(土地+建物)+車位,昌平段421~450地號,28.21,住,,,1061030,土地3建物1車位2,十二層,15,住宅大樓(11層含以上有電梯),住家用,鋼筋混凝土造,,164.76,4,2,2,有,無,20580000,156157,坡道平面,50.9,2800000,,RPWRNLNJPHNFFBB98CB
北屯區,房地(土地+建物)+車位,昌平段421~450地號,28.21,住,,,1061213,土地3建物1車位2,八層,15,住宅大樓(11層含以上有電梯),住家用,鋼筋混凝土造,,164.86,4,2,2,有,無,20040000,152159,坡道平面,50.9,2700000,,RPXRNLNJPHNFFBB09CB
北屯區,房地(土地+建物)+車位,昌平段421~450地號,21.73,住,,,1070328,土地3建物1車位1,十層,15,住宅大樓(11層含以上有電梯),住家用,鋼筋混凝土造,,137.3,3,2,2,有,無,14400000,116227,坡道平面,25.45,1400000,,RPOSNLNJPHNFFBB28CB
北屯區,房地(土地+建物)+車位,昌平段421~450地號,28.21,住,,,1061227,土地3建物1車位2,十四層,15,住宅大樓(11層含以上有電梯),住家用,鋼筋混凝土造,,163.5,4,2,2,有,無,20500000,157194,坡道平面,50.9,2800000,,RPPSNLNJPHNFFBB38CB
北屯區,房地(土地+建物)+車位,昌平段421~450地號,22.49,住,,,1061107,土地3建物1車位1,三層,15,住宅大樓(11層含以上有電梯),住家用,鋼筋混凝土造,,137.3,3,2,2,有,無,13830000,110237,坡道平面,25.45,1500000,,RPQSNLNJPHNFFBB48CB
北屯區,房地(土地+建物)+車位,昌平段421~450地號,25.16,住,,,1070222,土地3建物1車位1,二層,15,住宅大樓(11層含以上有電梯),住家用,鋼筋混凝土造,,163.4,4,2,2,有,無,17200000,114534,坡道平面,25.45,1400000,,RPRSNLNJPHNFFBB58CB
北屯區,房地(土地+建物)+車位,昌平段421~450地號,21.73,住,,,1070127,土地3建物1車位1,十二層,15,住宅大樓(11層含以上有電梯),住家用,鋼筋混凝土造,,137.7,3,2,2,有,無,14830000,119644,坡道平面,25.45,1400000,,RPSSNLNJPHNFFBB68CB
北屯區,房地(土地+建物)+車位,昌平段421~450地號,21.35,住,,,1061129,土地3建物1車位1,二層,15,住宅大樓(11層含以上有電梯),住家用,鋼筋混凝土造,,134.64,3,2,2,有,無,14100000,116311,坡道平面,25.45,1400000,,RPTSNLNJPHNFFBB78CB
北屯區,房地(土地+建物)+車位,昌平段421~450地號,25.16,住,,,1061129,土地3建物1車位1,三層,15,住宅大樓(11層含以上有電梯),住家用,鋼筋混凝土造,,163.5,4,2,2,有,無,17500000,115900,坡道平面,25.45,1500000,,RPUSNLNJPHNFFBB88CB
北屯區,房地(土地+建物)+車位,昌平段421~450地號,28.21,住,,,1061111,土地3建物1車位2,十三層,15,住宅大樓(11層含以上有電梯),住家用,鋼筋混凝土造,,163.5,4,2,2,有,無,20150000,154085,坡道平面,50.9,2800000,,RPVSNLNJPHNFFBB98CB
北屯區,房地(土地+建物)+車位,昌平段421~450地號,28.21,住,,,1070223,土地3建物1車位2,十四層,15,住宅大樓(11層含以上有電梯),住家用,鋼筋混凝土造,,164.52,4,2,2,有,無,20180000,152966,坡道平面,50.9,2800000,,RPWSNLNJPHNFFBB09CB
北屯區,房地(土地+建物)+車位,昌平段421~450地號,21.35,住,,,1061102,土地3建物1車位1,十四層,15,住宅大樓(11層含以上有電梯),住家用,鋼筋混凝土造,,136.17,3,2,2,有,無,15720000,129335,坡道平面,25.45,1400000,,RPXSNLNJPHNFFBB56CB
北屯區,房地(土地+建物)+車位,昌平段421~450地號,28.21,住,,,1070221,土地3建物1車位2,七層,15,住宅大樓(11層含以上有電梯),住家用,鋼筋混凝土造,,163.5,4,2,2,有,無,19520000,148490,坡道平面,50.9,2800000,,RPOTNLNJPHNFFBB38CB
北屯區,房地(土地+建物)+車位,昌平段421~450地號,28.21,住,,,1061030,土地3建物1車位2,十二層,15,住宅大樓(11層含以上有電梯),住家用,鋼筋混凝土造,,164.86,4,2,2,有,無,20850000,158389,坡道平面,50.9,2800000,,RPPTNLNJPHNFFBB48CB
北屯區,房地(土地+建物)+車位,昌平段421~450地號,25.16,住,,,1070429,土地3建物1車位1,四層,15,住宅大樓(11層含以上有電梯),住家用,鋼筋混凝土造,,164.76,4,2,2,有,無,17540000,115857,坡道平面,25.45,1400000,,RPQTNLNJPHNFFBB58CB
北屯區,房地(土地+建物)+車位,昌平段421~450地號,28.21,住,,,1070410,土地3建物1車位2,七層,15,住宅大樓(11層含以上有電梯),住家用,鋼筋混凝土造,,164.52,4,2,2,有,無,19370000,147597,坡道平面,50.9,2600000,,RPRTNLNJPHNFFBB68CB
北屯區,房地(土地+建物)+車位,昌平段421~450地號,21.73,住,,,1070113,土地3建物1車位1,七層,15,住宅大樓(11層含以上有電梯),住家用,鋼筋混凝土造,,137.3,3,2,2,有,無,14000000,113545,坡道平面,25.45,1300000,,RPSTNLNJPHNFFBB78CB
北屯區,房地(土地+建物)+車位,昌平段421~450地號,21.35,住,,,1061121,土地3建物1車位1,八層,15,住宅大樓(11層含以上有電梯),住家用,鋼筋混凝土造,,134.68,3,2,2,有,無,14150000,116726,坡道平面,25.45,1400000,,RPTTNLNJPHNFFBB88CB
北屯區,房地(土地+建物)+車位,昌平段421~450地號,21.73,住,,,1070524,土地3建物1車位1,十五層,15,住宅大樓(11層含以上有電梯),住家用,鋼筋混凝土造,,137.01,3,2,2,有,無,14870000,119846,坡道平面,25.45,1500000,,RPUTNLNJPHNFFBB98CB
北屯區,房地(土地+建物)+車位,昌平段421~450地號,21.35,住,,,1061128,土地3建物1車位1,十二層,15,住宅大樓(11層含以上有電梯),住家用,鋼筋混凝土造,,136.17,3,2,2,有,無,15300000,125542,坡道平面,25.45,1400000,,RPVTNLNJPHNFFBB09CB
北屯區,房地(土地+建物)+車位,昌平段421~450地號,22.49,住,,,1061107,土地3建物1車位1,三層,15,住宅大樓(11層含以上有電梯),住家用,鋼筋混凝土造,,137.7,3,2,2,有,無,14080000,112071,坡道平面,25.45,1500000,,RPWTNLNJPHNFFBB56CB
北屯區,房地(土地+建物)+車位,昌平段421~450地號,21.35,住,,,1061107,土地3建物1車位1,五層,15,住宅大樓(11層含以上有電梯),住家用,鋼筋混凝土造,,134.68,3,2,2,有,無,13770000,114163,坡道平面,25.45,1300000,,RPXTNLNJPHNFFBB66CB
北屯區,房地(土地+建物)+車位,昌平段421~450地號,20.2,住,,,1061109,土地3建物1車位1,六層,15,住宅大樓(11層含以上有電梯),住家用,鋼筋混凝土造,,128.4,3,2,2,有,無,13400000,116561,坡道平面,25.45,1400000,,RPOUNLNJPHNFFBB48CB
北屯區,房地(土地+建物)+車位,昌平段421~450地號,21.73,住,,,1061113,土地3建物1車位1,八層,15,住宅大樓(11層含以上有電梯),住家用,鋼筋混凝土造,,137.7,3,2,2,有,無,14820000,119555,坡道平面,25.45,1400000,,RPPUNLNJPHNFFBB58CB
北屯區,房地(土地+建物)+車位,昌平段421~450地號,20.2,住,,,1061113,土地3建物1車位1,十一層,15,住宅大樓(11層含以上有電梯),住家用,鋼筋混凝土造,,128.4,3,2,2,有,無,13960000,122001,坡道平面,25.45,1400000,,RPQUNLNJPHNFFBB68CB
北屯區,房地(土地+建物)+車位,昌平段421~450地號,28.21,住,,,1061028,土地3建物1車位2,九層,15,住宅大樓(11層含以上有電梯),住家用,鋼筋混凝土造,,164.86,4,2,2,有,無,20540000,155669,坡道平面,50.9,2800000,,RPRUNLNJPHNFFBB78CB
北屯區,房地(土地+建物)+車位,昌平段421~450地號,21.73,住,,,1070331,土地3建物1車位1,十三層,15,住宅大樓(11層含以上有電梯),住家用,鋼筋混凝土造,,137.7,3,2,2,有,無,14800000,119376,坡道平面,25.45,1400000,,RPSUNLNJPHNFFBB88CB
北屯區,房地(土地+建物)+車位,昌平段421~450地號,28.21,住,,,1070119,土地3建物1車位2,六層,15,住宅大樓(11層含以上有電梯),住家用,鋼筋混凝土造,,163.5,4,2,2,有,無,19420000,147602,坡道平面,50.9,2800000,,RPTUNLNJPHNFFBB98CB
北屯區,房地(土地+建物)+車位,昌平段421~450地號,28.21,住,,,1061108,土地3建物1車位2,七層,15,住宅大樓(11層含以上有電梯),住家用,鋼筋混凝土造,,164.86,4,2,2,有,無,19700000,150053,坡道平面,50.9,2600000,,RPUUNLNJPHNFFBB09CB
北屯區,房地(土地+建物)+車位,昌平段421~450地號,21.73,住,,,1061201,土地3建物1車位1,三層,15,住宅大樓(11層含以上有電梯),住家用,鋼筋混凝土造,,138.61,3,2,2,有,無,14980000,120007,坡道平面,25.45,1400000,,RPVUNLNJPHNFFBB56CB
北屯區,房地(土地+建物)+車位,昌平段421~450地號,21.35,住,,,1061201,土地3建物1車位1,三層,15,住宅大樓(11層含以上有電梯),住家用,鋼筋混凝土造,,136.17,3,2,2,有,無,14020000,114884,坡道平面,25.45,1300000,,RPWUNLNJPHNFFBB66CB
北屯區,房地(土地+建物)+車位,昌平段421~450地號,21.73,住,,,1070601,土地3建物1車位1,十四層,15,住宅大樓(11層含以上有電梯),住家用,鋼筋混凝土造,,137.3,3,2,2,有,無,14650000,119356,坡道平面,25.45,1300000,,RPXUNLNJPHNFFBB76CB
北屯區,房地(土地+建物)+車位,昌平段421~450地號,28.21,住,,,1070122,土地3建物1車位2,五層,15,住宅大樓(11層含以上有電梯),住家用,鋼筋混凝土造,,163.5,4,2,2,有,無,19270000,146270,坡道平面,50.9,2800000,,RPOVNLNJPHNFFBB58CB
北屯區,房地(土地+建物)+車位,昌平段421~450地號,21.73,住,,,1070404,土地3建物1車位1,九層,15,住宅大樓(11層含以上有電梯),住家用,鋼筋混凝土造,,137.3,3,2,2,有,無,14100000,114439,坡道平面,25.45,1300000,,RPPVNLNJPHNFFBB68CB
北屯區,房地(土地+建物)+車位,昌平段421~450地號,28.21,住,,,1070406,土地3建物1車位2,六層,15,住宅大樓(11層含以上有電梯),住家用,鋼筋混凝土造,,164.52,4,2,2,有,無,19000000,144341,坡道平面,50.9,2600000,,RPQVNLNJPHNFFBB78CB
北屯區,房地(土地+建物)+車位,昌平段421~450地號,21.35,住,,,1070512,土地3建物1車位1,十四層,15,住宅大樓(11層含以上有電梯),住家用,鋼筋混凝土造,,134.68,3,2,2,有,無,14210000,117275,坡道平面,25.45,1400000,,RPRVNLNJPHNFFBB88CB
北屯區,房地(土地+建物)+車位,昌平段421~450地號,21.73,住,,,1061116,土地3建物1車位1,七層,15,住宅大樓(11層含以上有電梯),住家用,鋼筋混凝土造,,137.7,3,2,2,有,無,14300000,115813,坡道平面,25.45,1300000,,RPSVNLNJPHNFFBB98CB
北屯區,房地(土地+建物)+車位,昌平段421~450地號,20.58,住,,,1061102,土地3建物1車位1,十五層,15,住宅大樓(11層含以上有電梯),住家用,鋼筋混凝土造,,128.46,3,2,2,有,無,14080000,123095,坡道平面,25.45,1400000,,RPTVNLNJPHNFFBB09CB
北屯區,房地(土地+建物)+車位,昌平段421~450地號,28.21,住,,,1061110,土地3建物1車位2,十一層,15,住宅大樓(11層含以上有電梯),住家用,鋼筋混凝土造,,163.5,4,2,2,有,無,20330000,155684,坡道平面,50.9,2800000,,RPUVNLNJPHNFFBB56CB
北屯區,房地(土地+建物)+車位,昌平段421~450地號,21.35,住,,,1061126,土地3建物1車位1,六層,15,住宅大樓(11層含以上有電梯),住家用,鋼筋混凝土造,,136.17,3,2,2,有,無,14950000,122381,坡道平面,25.45,1400000,,RPVVNLNJPHNFFBB66CB
北屯區,房地(土地+建物)+車位,昌平段421~450地號,28.21,住,,,1061110,土地3建物1車位2,九層,15,住宅大樓(11層含以上有電梯),住家用,鋼筋混凝土造,,163.5,4,2,2,有,無,19900000,151865,坡道平面,50.9,2800000,,RPWVNLNJPHNFFBB76CB
北屯區,房地(土地+建物)+車位,昌平段421~450地號,21.73,住,,,1061027,土地3建物1車位1,八層,15,住宅大樓(11層含以上有電梯),住家用,鋼筋混凝土造,,138.61,3,2,2,有,無,15800000,127253,坡道平面,25.45,1400000,,RPXVNLNJPHNFFBB86CB
北屯區,房地(土地+建物)+車位,昌平段421~450地號,21.35,住,,,1061226,土地3建物1車位1,四層,15,住宅大樓(11層含以上有電梯),住家用,鋼筋混凝土造,,136.17,3,2,2,有,無,14310000,116600,坡道平面,25.45,1400000,,RPOWNLNJPHNFFBB68CB
北屯區,房地(土地+建物)+車位,昌平段421~450地號,21.73,住,,,1070429,土地3建物1車位1,六層,15,住宅大樓(11層含以上有電梯),住家用,鋼筋混凝土造,,137.3,3,2,2,有,無,13820000,111936,坡道平面,25.45,1300000,,RPPWNLNJPHNFFBB78CB
北屯區,房地(土地+建物)+車位,昌平段421~450地號,21.35,住,,,1070330,土地3建物1車位1,二層,15,住宅大樓(11層含以上有電梯),住家用,鋼筋混凝土造,,137.91,3,2,2,有,無,14200000,113818,坡道平面,25.45,1400000,,RPQWNLNJPHNFFBB88CB
北屯區,房地(土地+建物)+車位,昌平段421~450地號,28.21,住,,,1070307,土地3建物1車位2,九層,15,住宅大樓(11層含以上有電梯),住家用,鋼筋混凝土造,,164.52,4,2,2,有,無,19980000,149446,坡道平面,50.9,3000000,,RPRWNLNJPHNFFBB98CB
北屯區,房地(土地+建物)+車位,昌平段421~450地號,25.16,住,,,1070416,土地3建物1車位1,四層,15,住宅大樓(11層含以上有電梯),住家用,鋼筋混凝土造,,164.86,4,2,2,有,無,18000000,119073,坡道平面,25.45,1400000,,RPSWNLNJPHNFFBB09CB
北屯區,房地(土地+建物)+車位,昌平段421~450地號,28.21,住,,,1070310,土地3建物1車位2,七層,15,住宅大樓(11層含以上有電梯),住家用,鋼筋混凝土造,,164.76,4,2,2,有,無,19800000,149306,坡道平面,50.9,2800000,,RPTPMLOJPHNFFBB48CB
